Brand,Year,Engine Size,Fuel Type,Transmission,Mileage,Condition,Model
1,2022.0,2.9,3,0,62471.0,0,26
5,2003.0,3.0,1,1,231946.0,2,19
4,2005.0,2.7,3,1,5310.0,0,15
1,2010.0,2.5,1,1,44498.0,0,27
6,2013.0,2.8,0,1,93034.0,1,22
3,2002.0,5.7,1,0,97841.0,0,13
3,2010.0,3.2,0,1,41190.0,0,6
1,2008.0,3.9,2,1,136559.0,2,1
3,2004.0,3.0,2,1,226293.0,2,8
1,2014.0,2.9,1,1,7248.0,1,0
1,2004.0,4.0,0,0,116251.0,0,26
4,2011.0,3.9,3,1,44387.0,2,10
1,2015.0,1.8,2,1,168157.0,1,1
0,2015.0,4.2,3,1,69306.0,2,3
3,2023.0,3.4,2,1,155927.0,2,4
0,2023.0,3.4,3,0,197167.0,0,24
0,2023.0,4.8,3,0,68835.0,1,2
0,2015.0,3.7,1,1,64361.0,2,24
5,2019.0,5.8,2,0,252508.0,0,18
6,2017.0,5.8,0,0,197241.0,0,9
5,2011.0,5.0,2,1,38575.0,1,17
3,2022.0,5.1,0,0,29882.0,2,6
1,2009.0,3.0,3,1,68447.0,0,26
0,2007.0,3.3,2,1,3889.0,1,24
6,2011.0,2.4,1,1,159262.0,2,9
1,2010.0,4.5,0,1,243153.0,0,1
3,2012.0,2.4,3,0,188511.0,1,4
0,2003.0,1.3,0,0,133726.0,1,3
5,2022.0,2.7,1,1,274383.0,0,17
2,2009.0,2.1,2,1,255494.0,0,14
1,2007.0,1.1,2,1,36303.0,1,1
2,2014.0,1.9,0,0,71942.0,1,14
0,2022.0,3.8,3,1,229027.0,1,3
5,2011.0,4.9,2,1,78672.0,2,19
4,2018.0,4.5,2,1,137901.0,1,10
6,2018.0,2.1,3,1,89342.0,0,9
5,2005.0,4.0,0,0,10110.0,0,19
0,2012.0,5.5,3,1,37177.0,2,3
4,2023.0,3.1,0,1,167605.0,2,15
6,2019.0,4.2,0,0,58097.0,2,7
0,2008.0,4.1,2,0,297565.0,0,2
0,2002.0,2.7,0,1,74779.0,0,3
6,2009.0,3.3,3,1,87342.0,2,9
3,2022.0,2.7,2,1,139325.0,0,8
3,2017.0,2.0,2,0,88952.0,2,6
4,2005.0,2.5,2,0,265735.0,0,15
5,2020.0,3.9,3,1,30531.0,1,18
0,2001.0,3.8,1,1,56627.0,2,2
0,2001.0,5.7,2,1,77701.0,0,2
2,2010.0,3.6,3,0,237784.0,0,12
4,2000.0,2.8,3,0,243942.0,2,16
3,2003.0,5.7,0,0,281140.0,1,8
3,2014.0,2.9,1,1,244826.0,2,8
1,2002.0,2.5,1,1,40484.0,2,1
1,2006.0,5.1,2,1,15861.0,0,0
6,2008.0,3.4,2,0,15330.0,1,22
5,2017.0,1.5,3,0,9387.0,1,20
3,2023.0,5.7,1,1,120360.0,0,8
5,2011.0,2.1,3,1,279087.0,2,19
5,2005.0,4.1,2,0,15021.0,0,18
3,2000.0,3.7,3,1,86879.0,0,13
2,2015.0,2.6,1,0,110573.0,1,21
0,2019.0,5.8,3,0,44783.0,1,24
0,2013.0,2.9,0,0,36845.0,0,2
6,2017.0,5.4,2,0,191791.0,0,25
4,2018.0,3.9,2,0,218811.0,0,5
0,2011.0,3.5,0,1,73230.0,2,24
5,2009.0,5.5,1,0,136746.0,1,20
3,2021.0,2.2,3,0,25816.0,2,13
6,2023.0,5.4,3,1,294458.0,2,9
3,2015.0,3.4,1,1,95798.0,0,4
4,2000.0,3.3,2,1,27268.0,1,15
6,2012.0,5.3,1,1,153048.0,2,22
1,2001.0,4.4,3,0,5913.0,1,26
3,2015.0,5.0,0,0,119107.0,1,6
0,2018.0,3.7,2,0,249465.0,0,3
3,2005.0,2.5,0,1,50126.0,2,8
5,2007.0,2.4,0,0,9004.0,2,17
1,2013.0,3.8,0,1,113528.0,1,0
3,2002.0,3.8,3,1,199378.0,2,6
2,2014.0,1.3,3,1,21556.0,1,11
2,2005.0,1.6,2,1,243825.0,0,14
1,2003.0,3.1,1,1,168410.0,0,1
4,2017.0,3.0,1,1,67438.0,1,16
6,2008.0,2.4,1,1,133909.0,2,7
1,2020.0,3.5,0,0,295187.0,2,26
6,2010.0,1.2,2,1,249091.0,2,22
5,2001.0,1.2,3,1,158651.0,0,19
4,2019.0,3.9,3,0,192608.0,2,5
2,2015.0,2.2,3,0,234347.0,0,14
0,2001.0,3.9,1,1,125607.0,0,24
3,2010.0,3.8,1,0,201264.0,2,8
4,2022.0,3.5,1,1,158795.0,0,16
3,2006.0,4.1,1,0,299334.0,2,6
1,2001.0,3.2,0,0,250309.0,2,26
6,2004.0,1.9,3,0,132773.0,1,22
3,2011.0,4.0,0,0,55114.0,1,6
2,2009.0,1.3,2,0,110234.0,1,11
1,2005.0,2.3,0,1,16116.0,0,1
6,2000.0,5.6,0,1,278606.0,0,9
1,2001.0,5.6,2,1,289068.0,1,0
6,2008.0,3.9,1,1,908.0,0,22
4,2013.0,5.0,1,0,2526.0,0,15
4,2017.0,3.2,2,0,262968.0,2,16
6,2015.0,5.1,0,1,159876.0,2,25
6,2002.0,2.8,3,1,161171.0,1,9
3,2007.0,5.8,0,1,94655.0,0,4
5,2010.0,3.7,2,0,276600.0,0,19
0,2021.0,5.2,0,1,221370.0,2,24
3,2013.0,3.3,2,1,159465.0,2,6
6,2022.0,1.5,2,0,50812.0,2,9
2,2022.0,5.0,0,0,33800.0,1,12
6,2003.0,1.8,1,0,14551.0,1,25
6,2004.0,3.1,1,0,116196.0,1,7
4,2011.0,2.9,2,0,89779.0,0,16
0,2009.0,3.6,3,0,270728.0,0,23
0,2001.0,5.8,2,1,96008.0,0,3
0,2005.0,3.4,1,1,246509.0,0,23
0,2019.0,2.6,2,1,61596.0,0,3
2,2006.0,1.3,3,1,14026.0,2,12
4,2005.0,5.1,0,1,271609.0,2,5
2,2012.0,2.1,0,0,141268.0,2,12
4,2009.0,1.4,3,0,223059.0,0,16
2,2001.0,3.1,0,1,214020.0,0,12
6,2007.0,5.1,3,1,231572.0,1,25
0,2001.0,5.4,3,0,93778.0,2,24
5,2003.0,4.2,0,1,18226.0,0,17
6,2005.0,1.4,3,1,50547.0,1,9
1,2001.0,4.2,2,1,31335.0,2,1
3,2015.0,2.4,3,1,254606.0,0,13
2,2014.0,6.0,0,0,94791.0,1,14
2,2015.0,2.7,0,0,3679.0,0,11
1,2007.0,1.6,1,0,4646.0,2,0
1,2000.0,4.6,3,0,28810.0,1,0
5,2008.0,3.2,1,1,295863.0,0,19
0,2020.0,5.7,0,1,223717.0,1,24
5,2013.0,5.7,3,1,179340.0,2,20
1,2010.0,1.6,0,1,183148.0,2,1
3,2008.0,3.5,0,1,240740.0,1,8
5,2019.0,2.3,3,0,249109.0,0,18
5,2009.0,3.4,3,0,140466.0,0,20
5,2023.0,5.7,1,0,201495.0,0,17
3,2003.0,1.3,1,0,265880.0,0,4
1,2007.0,3.0,0,0,62513.0,2,27
2,2021.0,1.8,3,0,9415.0,1,14
4,2019.0,2.5,3,0,194941.0,0,15
4,2013.0,4.9,3,1,205719.0,2,5
5,2004.0,1.3,2,0,36355.0,0,20
3,2003.0,5.4,3,1,182615.0,2,6
2,2017.0,3.6,1,0,70441.0,1,14
6,2004.0,2.7,0,1,279477.0,0,22
1,2016.0,5.4,3,0,250168.0,1,27
0,2014.0,3.3,1,1,226097.0,1,24
6,2016.0,5.2,2,0,109367.0,0,7
5,2012.0,5.5,2,1,151969.0,2,18
5,2002.0,3.6,0,0,255392.0,1,20
0,2011.0,5.7,3,1,289445.0,0,23
2,2007.0,2.0,3,1,190330.0,1,21
3,2016.0,5.1,0,0,76215.0,1,13
2,2013.0,1.8,2,0,91654.0,0,21
2,2012.0,4.3,3,1,228456.0,2,12
2,2000.0,1.8,0,0,245256.0,2,12
5,2016.0,3.0,2,0,171955.0,2,19
1,2015.0,2.1,0,0,194302.0,2,1
3,2005.0,5.7,3,1,191239.0,0,8
3,2020.0,3.5,3,0,84179.0,1,4
1,2020.0,1.0,2,0,132915.0,2,27
1,2018.0,4.2,0,1,252646.0,2,27
0,2003.0,4.6,1,1,294957.0,0,23
2,2000.0,2.2,2,1,201225.0,0,21
2,2020.0,2.8,1,0,92447.0,2,14
1,2020.0,1.2,2,1,172343.0,2,1
6,2007.0,2.5,0,1,216741.0,2,9
4,2001.0,2.2,0,1,263358.0,2,15
5,2000.0,2.1,2,1,138117.0,1,19
6,2017.0,5.6,3,1,113693.0,2,7
0,2006.0,1.8,3,0,10247.0,1,24
1,2022.0,1.7,3,0,28004.0,1,0
0,2014.0,4.7,2,0,85548.0,0,3
5,2005.0,3.3,1,0,288988.0,2,20
4,2023.0,3.5,3,1,98938.0,1,5
2,2004.0,1.4,2,1,97819.0,0,12
2,2020.0,5.4,0,0,270041.0,2,11
4,2014.0,1.4,1,1,134607.0,1,5
4,2002.0,5.9,2,0,123649.0,0,15
5,2005.0,4.5,0,1,81991.0,1,18
6,2009.0,1.6,2,0,1379.0,0,22
0,2004.0,2.4,3,1,141753.0,0,24
6,2019.0,4.5,3,1,2631.0,2,22
0,2011.0,2.3,3,1,21300.0,2,24
5,2010.0,3.4,3,0,57042.0,1,17
4,2019.0,1.1,1,0,61836.0,2,5
1,2010.0,3.8,2,0,95149.0,0,26
3,2023.0,1.2,0,1,166964.0,0,4
2,2006.0,4.9,2,1,179480.0,2,14
6,2015.0,5.2,0,1,262399.0,2,25
3,2015.0,5.0,1,0,215280.0,0,4
2,2013.0,3.1,3,0,68602.0,1,14
5,2010.0,2.2,2,1,291908.0,0,19
6,2007.0,2.8,2,1,299355.0,0,7
0,2012.0,5.7,2,1,192386.0,2,23
4,2021.0,4.3,1,0,233451.0,1,15
6,2017.0,3.4,1,0,100808.0,2,7
0,2012.0,2.7,0,1,201466.0,2,3
5,2010.0,4.7,1,0,148515.0,1,20
0,2023.0,1.0,1,1,54973.0,1,2
3,2018.0,2.4,2,1,256349.0,1,8
6,2004.0,5.4,2,0,271452.0,2,9
3,2003.0,1.7,1,0,85366.0,0,4
5,2021.0,5.3,0,0,290515.0,1,17
0,2002.0,2.6,1,0,237677.0,0,2
3,2012.0,4.5,2,1,17601.0,1,13
5,2001.0,1.0,0,1,247181.0,1,19
5,2006.0,3.5,2,1,294065.0,1,17
2,2005.0,2.0,3,0,151083.0,0,12
6,2012.0,5.9,2,0,281298.0,0,7
3,2019.0,3.9,0,1,150033.0,2,8
1,2021.0,5.2,3,1,260339.0,0,27
6,2003.0,2.5,0,0,271952.0,2,9
5,2012.0,3.7,1,0,63528.0,0,18
1,2021.0,3.7,3,0,278849.0,1,26
4,2021.0,4.8,3,0,188088.0,2,5
4,2021.0,1.6,0,1,37170.0,0,15
4,2016.0,2.4,3,0,152215.0,2,10
5,2003.0,1.1,2,1,93708.0,0,20
2,2010.0,3.6,2,1,263924.0,1,12
3,2022.0,4.1,0,1,22075.0,2,8
2,2012.0,2.2,0,0,116770.0,0,14
0,2004.0,3.6,2,1,72534.0,1,24
1,2014.0,2.4,3,0,18240.0,2,26
0,2020.0,5.7,1,0,197494.0,2,2
3,2004.0,3.4,2,1,117734.0,1,13
4,2004.0,4.8,3,0,178772.0,1,16
1,2013.0,2.5,1,0,47842.0,1,26
2,2011.0,2.9,1,1,49648.0,2,12
4,2011.0,3.2,2,0,192476.0,0,10
0,2023.0,1.5,2,0,289596.0,1,2
2,2015.0,5.4,0,1,219162.0,1,14
5,2016.0,1.5,2,1,299260.0,0,20
2,2021.0,3.4,1,1,224321.0,1,12
1,2022.0,1.6,3,0,133438.0,1,0
6,2019.0,5.6,0,0,99855.0,2,9
3,2014.0,3.1,3,1,36051.0,0,6
5,2003.0,3.3,3,1,294977.0,1,18
1,2018.0,1.7,1,0,119277.0,0,27
4,2019.0,2.9,3,1,44420.0,1,10
4,2011.0,1.9,0,0,57207.0,2,15
3,2017.0,2.8,0,1,138307.0,0,13
1,2005.0,1.8,3,1,8798.0,1,1
3,2023.0,2.6,3,0,269051.0,1,13
5,2013.0,4.5,1,0,278411.0,0,19
4,2005.0,4.0,3,0,246514.0,2,15
5,2005.0,3.9,2,1,28365.0,1,20
4,2019.0,3.8,0,0,58541.0,0,5
6,2018.0,3.7,1,1,220421.0,2,9
3,2001.0,4.0,0,1,27584.0,0,4
3,2020.0,2.2,3,0,272530.0,2,4
2,2017.0,1.4,2,1,59622.0,0,12
4,2003.0,4.5,3,0,83721.0,1,16
6,2016.0,3.6,2,0,207382.0,0,9
5,2003.0,2.5,0,0,1919.0,0,17
0,2001.0,1.3,1,0,155002.0,2,23
0,2012.0,2.6,0,0,186307.0,1,2
3,2015.0,3.4,3,1,267825.0,2,4
0,2011.0,4.5,1,0,169123.0,2,23
5,2006.0,1.9,3,0,11519.0,2,20
6,2022.0,1.6,0,0,129101.0,1,25
6,2000.0,2.6,3,0,269013.0,0,9
1,2014.0,3.1,0,1,98841.0,0,1
6,2009.0,3.9,1,1,195346.0,0,9
3,2022.0,2.6,3,0,298962.0,2,8
4,2016.0,4.4,1,0,257422.0,2,10
2,2021.0,5.6,2,0,212650.0,2,12
3,2001.0,1.7,3,0,51458.0,1,8
1,2008.0,3.6,0,0,248966.0,0,0
6,2002.0,2.4,3,0,214772.0,0,22
6,2021.0,3.2,0,0,108654.0,1,7
0,2016.0,2.0,0,1,203877.0,2,23
3,2003.0,2.4,0,0,242463.0,0,6
0,2015.0,5.2,2,0,261051.0,0,2
3,2003.0,4.3,2,0,85637.0,0,13
3,2022.0,5.0,1,1,185102.0,0,4
3,2012.0,1.9,2,0,69767.0,0,4
5,2020.0,4.6,0,1,171915.0,1,18
3,2012.0,5.2,2,0,239190.0,0,6
0,2010.0,1.8,3,0,21381.0,2,24
5,2023.0,6.0,0,0,62821.0,0,20
0,2013.0,4.5,1,1,181601.0,1,3
1,2016.0,2.6,1,0,277132.0,1,1
6,2014.0,5.8,0,1,167995.0,0,9
5,2017.0,5.9,3,0,95148.0,0,19
1,2001.0,4.0,3,1,216085.0,0,27
3,2023.0,5.1,0,1,36282.0,0,8
2,2012.0,5.0,2,1,159156.0,1,11
1,2008.0,5.8,1,1,148063.0,1,0
1,2022.0,5.8,0,0,128568.0,1,0
5,2004.0,1.7,1,1,224582.0,0,19
2,2007.0,2.0,0,0,182124.0,0,21
3,2017.0,5.9,2,1,130509.0,2,6
6,2004.0,1.1,2,0,228629.0,2,22
0,2023.0,4.0,1,1,201675.0,2,3
0,2017.0,3.5,1,0,99143.0,1,2
2,2021.0,1.1,3,1,239947.0,1,21
2,2016.0,2.6,0,0,1669.0,1,12
5,2017.0,2.6,0,0,129909.0,1,17
2,2018.0,5.8,3,0,20229.0,2,14
5,2006.0,1.3,3,1,96299.0,2,20
6,2001.0,2.1,2,0,47800.0,1,7
2,2002.0,2.1,3,1,179889.0,2,11
6,2014.0,1.3,3,0,53806.0,2,22
0,2011.0,4.5,1,1,27278.0,0,24
5,2006.0,3.4,0,0,297641.0,2,19
3,2017.0,2.9,2,1,31159.0,2,6
5,2023.0,4.3,1,1,162948.0,2,18
0,2005.0,1.7,0,0,52181.0,2,3
5,2015.0,3.9,0,1,18170.0,0,17
2,2018.0,2.2,0,0,133332.0,1,12
0,2023.0,2.2,0,0,191324.0,2,24
3,2002.0,3.2,3,1,220511.0,2,6
0,2008.0,2.5,1,1,39759.0,2,24
2,2000.0,2.7,3,1,22222.0,1,11
0,2002.0,5.0,0,0,53281.0,1,24
6,2023.0,3.3,2,0,128131.0,0,25
1,2021.0,1.5,1,1,259125.0,1,26
1,2015.0,5.6,0,0,237230.0,2,0
1,2022.0,5.0,1,1,12026.0,2,0
4,2005.0,1.7,3,0,93993.0,2,16
0,2022.0,3.0,1,0,140668.0,1,2
5,2012.0,5.1,0,0,107009.0,2,20
5,2018.0,4.5,2,0,282648.0,2,19
5,2014.0,2.6,2,1,256160.0,1,18
4,2003.0,1.1,0,0,55063.0,2,15
1,2010.0,4.2,1,1,295182.0,1,1
1,2023.0,5.4,2,1,147278.0,2,26
3,2020.0,4.9,3,1,273129.0,1,13
6,2023.0,4.4,0,0,217986.0,1,22
6,2014.0,2.0,0,0,105153.0,1,9
4,2003.0,2.2,1,0,256216.0,2,5
4,2003.0,1.3,3,1,146511.0,1,10
5,2000.0,2.8,1,0,221968.0,0,20
3,2017.0,4.5,2,1,51369.0,1,4
5,2021.0,5.5,1,1,257471.0,0,20
4,2018.0,2.2,3,0,188499.0,2,10
4,2003.0,1.9,3,1,287181.0,1,16
4,2021.0,2.9,1,1,64325.0,2,10
1,2013.0,1.8,0,0,124926.0,2,0
6,2022.0,4.3,1,1,20092.0,1,22
1,2020.0,1.5,0,0,80722.0,0,0
1,2008.0,5.4,3,1,233076.0,0,27
4,2006.0,1.5,3,0,18013.0,2,5
3,2016.0,2.3,1,0,30552.0,2,8
1,2000.0,1.1,3,1,9404.0,2,27
3,2011.0,4.4,2,1,248535.0,1,13
6,2011.0,3.3,1,1,30916.0,2,7
1,2005.0,3.4,1,1,226833.0,2,26
2,2003.0,4.8,1,1,276850.0,0,12
6,2006.0,1.9,1,0,125806.0,1,25
3,2013.0,5.8,2,0,216461.0,1,8
0,2006.0,5.8,0,1,79311.0,0,24
3,2014.0,5.5,2,1,123554.0,2,4
6,2001.0,4.4,2,1,216854.0,1,25
4,2012.0,3.9,0,1,226621.0,1,15
3,2022.0,4.1,3,0,219437.0,0,6
2,2010.0,3.9,1,0,240904.0,2,21
6,2018.0,2.1,2,1,214209.0,2,9
6,2022.0,1.2,2,1,235892.0,2,9
2,2003.0,3.2,1,1,208794.0,2,12
0,2023.0,2.5,0,1,120403.0,1,3
1,2017.0,1.7,0,0,273139.0,0,0
3,2012.0,5.2,3,1,267847.0,2,8
5,2010.0,4.0,3,1,52107.0,1,20
1,2018.0,2.7,3,1,116737.0,0,0
0,2013.0,4.1,2,0,125349.0,2,24
0,2012.0,2.8,3,1,181417.0,2,3
4,2003.0,1.8,0,0,55773.0,1,5
5,2009.0,3.3,0,1,70283.0,0,20
3,2020.0,2.0,1,1,261140.0,1,8
0,2014.0,4.7,1,1,8078.0,0,3
1,2022.0,1.9,3,1,43923.0,1,0
3,2000.0,2.1,3,1,55746.0,2,13
1,2000.0,4.0,3,0,258815.0,0,27
0,2022.0,1.4,0,1,226137.0,1,23
0,2021.0,1.8,2,1,50151.0,0,3
4,2001.0,2.0,0,1,50969.0,2,15
4,2023.0,2.1,0,1,279400.0,1,15
2,2016.0,5.6,0,0,76394.0,0,11
5,2011.0,5.6,1,0,66202.0,1,20
3,2010.0,2.7,2,1,269006.0,1,13
3,2016.0,2.8,3,0,245752.0,0,13
5,2014.0,2.3,1,1,124555.0,1,17
6,2022.0,5.1,0,0,95967.0,0,7
6,2011.0,1.4,3,1,239691.0,2,25
6,2023.0,1.1,2,1,219779.0,0,25
2,2005.0,5.1,1,1,92479.0,0,11
3,2017.0,5.9,0,1,233725.0,1,13
1,2017.0,1.5,2,0,87945.0,0,1
6,2022.0,3.5,3,1,244413.0,2,25
5,2021.0,4.0,1,1,233982.0,2,17
6,2004.0,2.0,3,1,2994.0,1,9
0,2000.0,1.4,1,1,228208.0,2,24
2,2016.0,3.8,3,0,20448.0,1,14
2,2018.0,3.1,0,0,115064.0,2,21
4,2006.0,3.0,1,0,171796.0,2,16
1,2002.0,2.4,2,1,10588.0,0,0
0,2008.0,1.1,2,0,217201.0,2,2
4,2008.0,5.0,0,1,254927.0,2,16
5,2008.0,5.2,0,0,14568.0,0,17
3,2023.0,5.3,2,1,44134.0,2,6
1,2012.0,5.8,2,0,133997.0,1,1
6,2014.0,3.0,3,0,235863.0,2,7
0,2005.0,3.6,3,1,112789.0,0,2
4,2009.0,5.7,1,1,29986.0,2,10
6,2011.0,1.7,1,1,17241.0,0,9
5,2012.0,4.8,0,1,5738.0,0,17
5,2009.0,4.1,0,0,118523.0,0,17
1,2015.0,4.0,0,0,207097.0,2,26
4,2013.0,5.9,3,0,230314.0,1,15
5,2003.0,4.3,0,1,287858.0,1,17
2,2012.0,3.7,1,1,14588.0,1,12
0,2001.0,2.1,3,0,257419.0,2,3
4,2021.0,4.6,3,0,220084.0,2,16
2,2018.0,2.5,1,0,128404.0,2,11
0,2022.0,2.7,1,1,44406.0,1,2
3,2001.0,3.9,2,1,46104.0,0,4
5,2021.0,3.7,3,0,110893.0,1,18
0,2010.0,5.0,2,0,272654.0,2,24
1,2015.0,5.3,1,1,213053.0,0,26
2,2020.0,5.5,1,1,1049.0,2,21
3,2007.0,3.2,2,1,202668.0,0,4
5,2006.0,1.4,0,1,82104.0,2,17
5,2002.0,2.7,3,1,147748.0,1,19
0,2012.0,4.2,0,0,156270.0,2,2
0,2015.0,4.6,2,1,148977.0,1,24
3,2001.0,1.5,2,1,44348.0,2,4
1,2001.0,4.9,1,0,280372.0,0,26
5,2021.0,3.0,1,1,219182.0,2,17
2,2007.0,1.2,0,0,240515.0,0,12
2,2004.0,4.8,0,1,27584.0,2,11
2,2001.0,5.2,3,1,190093.0,2,21
4,2008.0,3.4,2,1,290042.0,1,5
6,2016.0,3.8,1,1,149112.0,1,25
2,2021.0,3.2,0,1,114380.0,2,21
0,2009.0,2.5,2,1,4841.0,1,3
6,2001.0,3.7,0,1,264826.0,1,25
6,2022.0,6.0,3,0,6277.0,1,25
1,2004.0,3.4,3,1,71934.0,1,26
4,2019.0,4.8,3,0,204222.0,2,15
0,2009.0,3.9,2,0,49396.0,1,24
2,2005.0,3.5,2,1,146297.0,2,14
6,2003.0,3.1,3,1,222159.0,0,22
2,2007.0,6.0,2,1,9695.0,2,21
2,2010.0,5.7,0,1,149787.0,2,11
5,2011.0,3.6,1,0,199304.0,2,19
5,2007.0,2.9,1,1,248505.0,0,20
2,2009.0,2.9,1,1,20662.0,0,11
2,2010.0,1.1,3,1,214992.0,2,21
3,2000.0,1.2,1,0,178982.0,1,6
2,2005.0,4.9,2,1,264068.0,2,21
5,2020.0,2.4,3,1,247439.0,0,19
4,2011.0,1.2,2,0,23086.0,1,5
4,2021.0,2.9,3,1,245259.0,1,16
6,2020.0,2.4,2,1,109599.0,2,7
0,2003.0,5.9,3,1,93254.0,1,2
5,2000.0,1.8,1,0,45704.0,0,19
6,2008.0,2.4,0,0,178570.0,1,9
6,2011.0,1.9,1,1,135678.0,1,9
5,2009.0,2.4,0,1,176512.0,1,19
0,2002.0,2.9,1,1,93449.0,0,24
3,2008.0,2.0,0,1,48115.0,1,13
1,2016.0,3.0,0,1,283071.0,1,1
3,2008.0,5.1,3,0,68247.0,2,4
2,2018.0,5.2,2,1,265237.0,2,11
5,2014.0,2.3,0,0,225097.0,1,18
3,2005.0,2.7,3,0,149014.0,1,13
3,2007.0,5.2,0,0,144013.0,1,4
2,2008.0,4.8,3,0,253856.0,0,21
1,2016.0,4.2,1,0,52802.0,0,0
1,2014.0,5.1,1,1,246300.0,1,1
3,2010.0,4.6,2,0,255931.0,2,13
2,2012.0,4.2,1,0,159562.0,1,14
5,2001.0,1.9,3,0,79164.0,2,18
1,2016.0,1.8,0,1,137877.0,2,0
3,2019.0,2.8,0,1,63308.0,2,6
6,2001.0,2.3,3,1,281039.0,1,9
2,2011.0,2.4,1,1,224491.0,0,21
0,2019.0,1.9,3,0,18095.0,2,2
4,2002.0,2.0,2,1,159186.0,2,5
4,2001.0,6.0,1,1,253800.0,2,5
6,2021.0,3.5,2,0,264237.0,1,25
1,2011.0,3.2,1,0,171231.0,0,27
5,2010.0,1.5,3,1,137687.0,2,18
1,2014.0,3.7,0,1,153625.0,2,27
3,2005.0,3.6,0,1,190791.0,1,4
1,2016.0,1.4,1,1,251054.0,0,1
2,2015.0,3.6,1,1,286608.0,0,21
3,2016.0,5.7,0,1,108806.0,2,6
5,2023.0,3.0,1,1,64186.0,2,20
4,2014.0,2.9,0,1,91820.0,1,15
1,2008.0,5.0,3,1,125534.0,2,27
4,2022.0,4.1,1,1,224839.0,1,15
2,2004.0,1.9,3,0,220533.0,1,21
6,2019.0,4.5,2,1,196599.0,2,22
3,2004.0,5.6,2,0,166052.0,2,8
5,2004.0,3.1,1,1,26467.0,0,19
6,2003.0,1.7,1,1,102652.0,2,22
6,2000.0,4.4,3,1,267104.0,2,7
0,2005.0,1.4,3,0,18800.0,2,2
0,2011.0,2.1,0,0,149177.0,2,2
3,2004.0,2.1,0,1,265332.0,0,13
5,2010.0,5.4,1,0,75028.0,1,17
6,2015.0,5.6,1,1,19056.0,2,9
1,2014.0,3.0,2,0,96707.0,1,1
0,2018.0,4.0,3,0,105789.0,0,24
6,2016.0,2.8,3,0,271251.0,1,22
2,2008.0,3.3,1,0,194469.0,2,12
5,2021.0,5.1,0,0,291799.0,2,20
4,2017.0,5.2,3,1,288927.0,2,10
0,2015.0,4.8,0,1,75976.0,0,3
0,2004.0,3.5,0,1,232409.0,0,2
1,2022.0,5.1,0,1,222067.0,0,26
4,2002.0,4.1,0,0,288614.0,1,10
1,2008.0,4.0,1,1,229602.0,0,26
1,2014.0,5.0,3,0,54645.0,2,1
4,2022.0,4.8,2,0,175050.0,0,10
3,2023.0,1.6,2,1,61768.0,0,13
6,2003.0,5.8,2,1,224589.0,0,9
0,2000.0,2.0,3,1,43555.0,0,2
0,2018.0,2.4,3,0,284243.0,2,23
1,2018.0,2.3,3,1,272667.0,1,26
5,2016.0,3.4,3,1,244437.0,0,20
1,2016.0,4.3,0,0,14892.0,0,1
2,2014.0,4.8,2,1,218171.0,0,14
3,2020.0,5.2,0,0,145512.0,0,4
0,2000.0,3.2,1,0,40985.0,2,24
3,2003.0,2.0,1,1,222700.0,1,4
5,2007.0,2.2,1,1,275877.0,2,18
0,2023.0,1.3,0,0,175231.0,0,24
2,2008.0,2.9,1,1,196945.0,0,12
3,2016.0,1.8,0,1,219700.0,2,6
2,2020.0,3.8,2,0,88754.0,1,11
4,2020.0,5.4,3,1,67965.0,2,15
6,2017.0,2.9,3,1,204705.0,1,22
5,2011.0,4.8,1,0,159224.0,0,20
3,2009.0,5.5,2,1,269289.0,0,4
2,2002.0,4.8,2,1,297429.0,0,12
0,2009.0,3.4,1,1,253301.0,1,23
5,2008.0,4.4,2,1,295673.0,0,18
6,2017.0,2.2,3,0,181844.0,1,9
1,2001.0,4.6,3,1,256463.0,0,27
2,2022.0,1.8,2,1,126525.0,0,12
4,2022.0,4.5,3,1,273111.0,1,5
3,2004.0,5.9,2,1,162776.0,1,13
0,2016.0,1.8,1,1,64471.0,1,24
1,2007.0,5.3,3,0,231609.0,0,0
6,2015.0,5.8,0,1,20951.0,1,9
2,2005.0,1.3,0,0,60481.0,1,11
4,2002.0,4.6,1,1,223274.0,1,15
2,2008.0,2.5,2,0,87687.0,1,12
2,2014.0,4.4,0,0,272499.0,1,11
1,2007.0,3.4,1,0,23259.0,0,1
1,2005.0,4.5,1,0,7904.0,2,0
3,2018.0,4.9,3,1,69072.0,2,4
3,2013.0,2.5,2,0,290911.0,0,4
0,2007.0,1.2,2,1,78038.0,1,3
6,2016.0,5.6,2,0,81015.0,0,9
4,2018.0,4.5,3,0,58480.0,0,16
1,2000.0,3.1,2,1,296753.0,2,0
4,2013.0,3.3,1,1,12204.0,1,5
4,2021.0,4.7,0,0,281315.0,0,5
6,2019.0,4.8,3,1,113415.0,0,9
4,2001.0,1.8,3,0,274915.0,0,15
2,2016.0,2.3,1,1,102466.0,0,14
4,2009.0,3.2,3,1,40108.0,2,5
4,2017.0,4.2,1,1,55486.0,0,5
5,2014.0,5.5,3,0,278846.0,0,17
1,2019.0,2.3,3,0,166020.0,2,27
3,2011.0,4.1,3,0,130842.0,2,4
0,2020.0,4.0,1,0,135486.0,2,23
3,2006.0,1.4,2,0,108138.0,1,4
3,2000.0,5.0,0,0,42192.0,0,4
0,2003.0,2.6,0,0,28715.0,2,2
0,2002.0,4.0,1,0,182155.0,0,24
5,2012.0,2.6,0,1,117116.0,1,19
2,2003.0,3.5,3,0,279778.0,1,12
0,2009.0,3.7,0,1,278795.0,1,2
6,2013.0,3.3,2,1,62112.0,2,9
0,2009.0,3.9,1,1,255540.0,2,2
6,2017.0,5.4,2,0,264603.0,2,7
5,2010.0,2.9,0,0,120179.0,2,20
2,2016.0,5.2,3,1,156434.0,2,21
4,2015.0,6.0,3,0,235847.0,0,15
6,2012.0,2.9,0,1,105025.0,0,9
6,2020.0,4.1,0,0,260705.0,2,25
6,2003.0,4.1,1,1,2419.0,2,22
3,2023.0,1.9,3,1,62508.0,0,13
3,2021.0,4.8,3,1,62601.0,1,13
0,2011.0,5.4,1,1,102261.0,1,23
4,2008.0,4.5,0,0,191707.0,1,10
4,2000.0,2.7,2,0,149979.0,0,10
5,2008.0,1.3,0,1,210359.0,0,18
2,2014.0,5.6,1,1,120926.0,2,11
3,2004.0,4.3,0,1,91725.0,1,4
5,2022.0,5.1,3,1,81219.0,1,20
1,2000.0,4.0,0,1,71240.0,1,1
4,2002.0,1.9,0,1,276469.0,0,5
6,2002.0,3.0,2,1,123323.0,1,22
1,2008.0,2.0,0,1,216311.0,2,0
0,2013.0,2.8,3,0,284293.0,1,23
2,2001.0,1.5,2,1,294614.0,0,21
2,2007.0,5.3,2,0,273661.0,2,21
2,2001.0,3.5,2,1,66126.0,2,21
6,2016.0,4.1,1,0,293601.0,0,22
3,2018.0,1.9,0,1,218348.0,0,4
1,2011.0,5.8,3,0,133703.0,1,26
6,2009.0,5.4,1,0,21832.0,1,22
4,2004.0,2.1,1,1,50551.0,1,5
1,2002.0,1.2,1,1,179884.0,0,1
5,2008.0,2.3,2,1,156640.0,0,19
1,2005.0,1.8,0,1,184133.0,2,0
3,2011.0,2.7,3,1,163947.0,0,6
6,2000.0,3.2,3,0,196681.0,2,9
0,2023.0,2.8,1,1,13769.0,0,3
1,2000.0,5.5,1,1,167644.0,2,27
6,2003.0,1.7,0,1,268556.0,2,7
4,2009.0,3.2,1,1,58031.0,1,5
0,2011.0,4.4,1,0,103591.0,2,23
2,2000.0,5.2,0,1,296177.0,0,21
2,2008.0,4.9,0,1,90005.0,0,12
5,2014.0,2.0,1,1,67309.0,2,18
4,2020.0,5.6,1,1,148843.0,1,15
6,2003.0,1.4,2,0,181593.0,2,7
6,2007.0,2.6,2,1,118192.0,1,25
4,2020.0,4.0,1,0,33541.0,2,10
5,2000.0,1.7,2,1,40308.0,1,18
6,2020.0,3.6,2,0,23466.0,0,9
3,2018.0,3.6,2,0,258771.0,2,8
2,2020.0,3.3,2,0,218031.0,1,11
0,2011.0,4.0,3,0,70560.0,0,3
3,2015.0,2.0,1,1,134476.0,0,4
0,2016.0,5.6,3,1,57748.0,2,23
2,2003.0,3.0,1,0,290375.0,2,12
3,2007.0,2.0,2,0,238161.0,0,13
6,2018.0,3.2,3,0,220026.0,0,7
2,2023.0,3.4,3,0,162812.0,1,14
0,2016.0,2.6,1,1,79522.0,2,2
2,2019.0,1.2,3,0,173925.0,2,11
0,2011.0,5.4,2,1,165368.0,0,3
6,2002.0,4.0,1,0,174904.0,1,22
0,2017.0,1.3,3,0,277169.0,1,3
6,2014.0,1.1,3,1,113187.0,1,22
6,2002.0,5.9,2,1,165458.0,1,25
6,2020.0,1.2,1,1,178475.0,0,9
5,2001.0,5.1,3,1,17878.0,1,19
6,2019.0,4.0,0,0,202959.0,1,22
4,2010.0,3.9,0,0,19465.0,1,10
6,2011.0,5.1,2,0,57153.0,1,9
3,2006.0,4.8,1,0,273412.0,0,4
6,2019.0,1.6,0,0,186272.0,2,9
0,2013.0,4.3,3,0,189060.0,0,3
4,2019.0,5.9,1,0,170881.0,2,10
2,2021.0,3.1,3,0,260577.0,2,21
5,2021.0,3.3,3,1,47922.0,0,20
6,2022.0,5.2,0,1,170914.0,2,25
4,2008.0,1.9,2,1,215494.0,0,16
4,2021.0,2.4,0,1,116072.0,1,5
0,2009.0,5.2,3,1,182873.0,0,3
0,2003.0,5.7,1,1,175150.0,1,3
0,2020.0,2.4,3,1,54380.0,0,3
3,2017.0,3.1,2,0,110507.0,2,8
3,2017.0,3.7,0,0,56440.0,2,4
4,2000.0,1.4,1,1,36491.0,1,10
6,2023.0,1.2,2,0,140689.0,0,9
1,2003.0,4.4,0,0,212139.0,0,0
4,2018.0,4.5,0,0,49086.0,1,5
0,2010.0,3.6,3,1,298517.0,2,2
6,2014.0,3.2,0,1,80636.0,0,25
1,2004.0,1.8,0,0,185153.0,0,27
0,2010.0,3.0,1,1,181644.0,0,23
6,2004.0,3.8,0,0,8720.0,2,25
4,2005.0,5.3,0,0,74280.0,2,5
4,2010.0,4.8,1,1,295890.0,1,10
4,2010.0,2.9,0,1,54708.0,0,16
4,2010.0,3.0,1,0,152420.0,0,10
6,2004.0,2.8,2,1,15250.0,2,22
6,2004.0,5.6,2,0,252365.0,1,25
4,2007.0,1.8,1,1,33717.0,2,15
2,2018.0,4.0,2,1,121327.0,1,21
6,2011.0,3.4,3,1,125093.0,2,22
4,2022.0,1.6,3,1,220375.0,1,10
4,2002.0,2.7,0,1,203400.0,2,10
3,2014.0,5.6,0,1,97204.0,0,13
1,2006.0,2.4,3,1,91205.0,2,1
6,2019.0,5.0,0,1,269915.0,2,7
1,2009.0,3.9,3,0,27690.0,1,26
5,2022.0,1.4,1,1,180889.0,2,20
3,2021.0,3.9,0,1,280558.0,1,13
2,2019.0,5.7,1,0,278076.0,1,12
2,2007.0,1.7,0,1,99704.0,1,12
0,2020.0,2.4,1,1,129544.0,1,23
5,2001.0,1.8,0,0,298875.0,0,17
6,2001.0,4.5,1,0,46996.0,0,9
3,2018.0,5.8,3,0,4263.0,2,8
5,2004.0,2.9,3,0,258308.0,1,20
2,2011.0,3.7,1,1,64450.0,2,11
5,2016.0,1.5,1,1,129686.0,2,20
5,2014.0,4.4,1,0,204580.0,2,17
6,2018.0,4.8,0,0,65355.0,2,25
2,2017.0,4.1,0,0,60110.0,0,14
3,2016.0,2.7,1,1,128019.0,1,6
1,2014.0,2.0,1,0,65018.0,1,26
6,2022.0,1.6,2,0,286425.0,2,7
6,2022.0,3.8,1,1,143084.0,1,7
0,2002.0,4.5,0,1,229164.0,0,23
3,2001.0,1.4,0,0,104512.0,1,8
4,2023.0,3.6,2,1,221404.0,2,16
0,2001.0,2.5,1,1,44989.0,1,3
2,2001.0,4.4,0,1,234295.0,1,14
1,2012.0,2.0,1,0,72746.0,1,0
6,2016.0,5.8,2,0,41722.0,1,9
4,2020.0,3.4,3,0,54691.0,0,5
3,2019.0,5.4,3,0,213408.0,2,13
6,2000.0,4.5,0,0,219478.0,1,22
3,2018.0,4.3,0,1,172507.0,0,13
2,2007.0,4.2,2,0,119574.0,0,12
6,2013.0,1.6,3,0,10547.0,0,7
3,2009.0,1.9,2,0,115018.0,2,8
5,2001.0,4.0,2,1,125702.0,1,20
4,2004.0,1.8,0,0,80903.0,2,5
2,2010.0,1.2,0,0,287062.0,2,12
2,2019.0,3.8,2,1,186351.0,0,11
0,2023.0,1.4,3,0,290431.0,2,3
3,2007.0,4.9,0,0,81588.0,2,13
2,2013.0,5.4,0,0,273388.0,1,12
3,2017.0,4.5,2,1,68147.0,2,4
5,2003.0,3.6,2,1,86755.0,2,20
6,2022.0,2.0,0,1,276109.0,2,22
3,2011.0,3.9,1,1,107327.0,0,4
2,2017.0,2.4,3,0,286384.0,2,11
5,2004.0,2.3,0,0,27313.0,0,20
5,2017.0,4.5,1,1,148051.0,2,19
3,2020.0,5.5,3,0,27738.0,2,6
2,2019.0,5.1,2,1,99280.0,0,12
1,2015.0,4.1,2,1,231897.0,1,0
2,2022.0,1.0,3,0,148346.0,2,14
4,2003.0,3.0,3,0,277941.0,2,10
3,2015.0,1.3,0,1,158987.0,1,4
3,2009.0,4.8,3,0,233229.0,1,4
0,2006.0,5.2,3,1,86711.0,1,23
6,2012.0,5.5,2,0,92019.0,1,25
1,2014.0,5.4,3,0,63083.0,2,26
3,2020.0,5.5,1,0,95213.0,2,13
3,2018.0,2.5,0,0,54078.0,2,6
5,2017.0,4.8,0,0,227300.0,2,17
1,2004.0,3.7,3,1,155759.0,1,26
6,2015.0,5.3,2,1,30653.0,2,9
5,2014.0,2.6,1,0,48929.0,2,17
5,2021.0,2.8,1,0,36527.0,1,20
1,2003.0,3.0,1,1,224090.0,0,1
1,2012.0,3.9,0,0,148421.0,0,0
4,2001.0,5.6,0,0,117286.0,1,5
6,2011.0,4.4,0,1,175717.0,2,7
2,2002.0,4.4,3,0,21050.0,2,11
1,2020.0,4.2,1,0,141294.0,0,27
5,2002.0,3.8,2,1,213328.0,0,19
3,2019.0,4.1,2,1,231659.0,2,13
6,2014.0,3.9,0,1,24220.0,2,25
4,2000.0,4.6,0,1,275333.0,1,16
2,2019.0,5.5,3,0,186005.0,2,12
6,2019.0,5.2,0,1,120787.0,1,9
4,2013.0,6.0,0,1,99372.0,2,10
4,2020.0,2.8,2,1,46229.0,2,5
5,2003.0,2.0,3,1,81696.0,1,17
0,2002.0,2.4,0,1,273302.0,1,3
1,2007.0,4.4,1,1,20323.0,0,27
1,2009.0,4.0,2,1,179354.0,2,0
5,2018.0,4.4,3,0,229685.0,1,19
0,2015.0,3.8,1,1,12938.0,0,3
3,2016.0,5.7,0,0,218188.0,1,6
3,2016.0,4.0,1,1,91472.0,1,4
2,2006.0,4.7,3,0,114360.0,1,12
5,2021.0,6.0,1,0,296508.0,1,19
4,2006.0,3.7,0,0,180160.0,2,15
2,2000.0,1.4,2,0,128279.0,0,12
5,2008.0,5.3,3,1,185399.0,0,20
4,2014.0,5.3,0,1,283453.0,0,15
6,2014.0,5.3,3,0,165912.0,0,9
4,2008.0,3.5,2,0,215859.0,2,15
0,2020.0,1.8,2,1,12974.0,2,23
5,2012.0,4.5,1,1,137116.0,2,20
1,2020.0,4.3,1,1,94515.0,2,0
4,2003.0,2.9,2,0,143755.0,0,5
0,2004.0,5.9,3,0,278098.0,2,23
6,2000.0,3.2,2,1,120623.0,0,25
0,2003.0,5.1,1,1,206040.0,0,24
5,2020.0,2.1,0,1,150943.0,2,17
5,2001.0,2.8,3,0,252856.0,1,17
0,2016.0,3.6,3,1,113259.0,0,3
6,2016.0,1.0,1,1,161577.0,1,25
5,2012.0,3.1,2,1,112035.0,0,19
4,2007.0,2.5,2,1,233208.0,0,5
1,2016.0,5.2,1,0,86623.0,0,26
6,2006.0,1.2,2,1,208994.0,1,7
6,2001.0,5.5,1,1,278494.0,2,25
0,2016.0,4.4,0,0,208920.0,1,3
2,2023.0,2.8,0,0,133624.0,1,21
6,2008.0,2.3,0,0,251366.0,1,25
1,2021.0,5.1,2,1,64377.0,0,0
3,2001.0,4.7,3,1,27676.0,2,8
4,2002.0,3.0,1,1,108668.0,1,10
5,2017.0,2.3,1,1,135004.0,1,19
3,2023.0,4.5,2,1,156547.0,1,13
6,2016.0,5.2,1,1,135501.0,1,7
2,2000.0,1.1,0,0,29072.0,2,21
5,2011.0,4.1,0,0,68682.0,1,20
0,2004.0,5.2,3,1,133461.0,1,3
4,2017.0,3.0,3,0,22063.0,0,15
0,2019.0,2.4,0,0,246553.0,0,24
0,2014.0,4.4,2,1,161686.0,1,2
6,2012.0,1.9,1,0,25322.0,1,9
1,2021.0,4.0,3,1,248876.0,1,0
5,2002.0,5.0,1,0,280083.0,0,18
3,2018.0,1.3,3,1,272673.0,1,13
3,2006.0,1.1,1,0,279250.0,0,6
4,2010.0,5.5,1,0,46638.0,0,16
3,2014.0,2.5,1,0,249072.0,0,6
4,2003.0,1.7,2,0,157029.0,2,5
0,2001.0,3.6,0,0,206238.0,0,3
0,2010.0,4.8,2,1,22007.0,2,23
2,2000.0,4.0,3,1,116869.0,1,12
2,2018.0,5.0,3,1,273740.0,0,12
0,2006.0,3.7,1,1,93878.0,2,2
5,2010.0,5.1,1,0,61742.0,1,17
1,2002.0,4.3,2,0,205383.0,2,26
5,2015.0,3.8,2,0,252615.0,1,19
0,2000.0,1.0,0,0,170100.0,2,23
4,2019.0,1.1,2,0,286885.0,0,10
0,2005.0,5.0,2,1,19659.0,2,2
1,2003.0,1.7,2,1,88552.0,0,27
2,2017.0,2.4,2,1,40318.0,1,11
6,2002.0,1.8,0,1,287374.0,0,9
5,2023.0,4.1,1,0,83100.0,0,19
1,2014.0,3.1,0,1,84242.0,0,1
3,2011.0,1.1,3,0,63472.0,0,6
6,2007.0,1.6,2,0,262783.0,0,7
4,2014.0,1.0,0,0,72788.0,2,15
4,2021.0,5.4,0,0,180926.0,0,16
6,2005.0,1.3,0,1,272204.0,0,9
5,2015.0,2.2,1,0,290144.0,2,19
0,2004.0,3.5,3,0,103533.0,0,23
5,2000.0,4.7,1,1,221576.0,0,19
0,2015.0,3.0,1,0,188489.0,1,23
5,2022.0,2.7,1,0,268718.0,0,17
4,2014.0,4.7,3,0,256017.0,0,15
0,2013.0,1.3,1,0,260226.0,1,2
3,2012.0,4.9,2,1,109249.0,1,8
5,2022.0,5.3,1,1,86153.0,1,20
0,2012.0,5.7,0,1,55162.0,1,2
0,2000.0,5.7,2,0,225295.0,2,23
2,2010.0,4.8,0,0,240746.0,0,14
5,2023.0,2.9,0,0,130439.0,1,17
4,2017.0,2.2,1,0,201081.0,2,10
1,2010.0,3.8,0,1,50304.0,0,0
0,2017.0,2.1,0,0,6050.0,2,2
4,2002.0,2.5,0,1,237626.0,2,15
0,2011.0,5.9,1,1,267446.0,2,24
3,2015.0,3.8,2,1,168393.0,0,6
6,2012.0,3.7,1,1,94835.0,2,25
4,2008.0,2.5,3,0,220521.0,1,10
2,2014.0,2.4,3,1,247174.0,2,12
5,2006.0,1.2,0,0,53276.0,1,19
3,2018.0,4.0,0,0,181101.0,0,6
1,2019.0,3.7,1,0,252299.0,0,27
0,2022.0,1.2,1,0,35079.0,2,3
6,2011.0,1.2,1,1,201484.0,0,22
0,2021.0,4.7,1,0,134273.0,0,24
0,2010.0,4.4,0,1,91594.0,0,2
5,2003.0,5.9,1,1,189787.0,1,18
0,2009.0,4.2,3,1,287249.0,1,23
2,2016.0,5.2,0,0,77338.0,2,14
1,2005.0,4.9,2,0,136169.0,2,1
3,2022.0,4.4,0,1,204541.0,1,4
3,2007.0,3.8,1,1,141056.0,1,4
0,2000.0,3.0,1,0,181502.0,1,24
5,2005.0,4.3,2,0,221815.0,2,20
6,2018.0,4.4,3,0,106898.0,1,22
4,2011.0,4.3,1,0,294418.0,0,5
6,2016.0,3.9,0,1,15487.0,2,9
4,2016.0,4.1,2,1,199416.0,1,10
0,2008.0,2.2,2,0,152110.0,0,2
4,2022.0,1.6,0,1,221171.0,1,16
5,2017.0,5.3,2,0,83030.0,1,20
5,2001.0,1.7,3,0,108261.0,2,20
4,2009.0,5.6,3,0,299967.0,0,15
4,2012.0,2.6,1,0,67470.0,2,15
6,2022.0,4.5,2,1,21213.0,1,22
2,2014.0,1.1,1,0,111860.0,2,11
0,2001.0,4.8,1,0,13580.0,0,2
1,2010.0,1.6,2,0,245602.0,0,27
2,2003.0,4.6,0,1,106147.0,2,12
2,2019.0,5.7,3,0,182631.0,0,12
0,2021.0,1.8,1,0,8328.0,1,2
6,2003.0,5.0,2,0,252771.0,0,9
4,2014.0,5.1,3,1,69837.0,2,16
3,2012.0,2.7,0,1,26119.0,0,13
0,2013.0,1.4,3,1,188869.0,0,23
4,2003.0,1.1,0,0,50391.0,2,5
4,2000.0,5.4,2,1,31153.0,1,5
6,2022.0,3.5,3,0,7274.0,1,7
3,2004.0,5.4,3,0,294120.0,0,4
0,2012.0,3.1,2,1,114587.0,0,23
2,2010.0,6.0,2,1,29714.0,2,11
0,2012.0,3.1,1,0,79400.0,2,23
2,2001.0,4.8,3,0,130613.0,0,14
0,2007.0,2.6,3,0,66446.0,2,2
6,2010.0,4.4,0,0,65642.0,2,25
3,2019.0,5.6,2,1,69000.0,1,4
1,2004.0,2.5,3,0,211803.0,0,27
1,2007.0,3.9,2,0,246052.0,2,27
5,2015.0,1.3,3,0,16997.0,0,17
4,2013.0,2.9,2,1,53365.0,1,10
6,2016.0,1.3,0,1,3192.0,1,25
6,2004.0,5.1,1,0,22462.0,2,7
5,2012.0,2.0,2,0,99599.0,0,18
4,2006.0,3.5,2,1,32543.0,2,10
0,2021.0,2.3,1,1,38665.0,1,2
0,2021.0,5.8,2,1,219738.0,2,2
4,2007.0,5.5,0,1,68591.0,2,15
6,2022.0,1.9,3,0,211284.0,0,22
2,2008.0,3.4,2,0,230487.0,1,11
2,2019.0,4.5,1,0,186381.0,2,11
4,2011.0,3.6,0,0,120454.0,0,16
5,2015.0,3.0,3,1,295043.0,1,20
4,2000.0,2.8,2,0,74442.0,1,15
4,2016.0,3.4,0,1,86839.0,2,10
3,2019.0,2.4,1,1,45520.0,2,13
6,2013.0,3.6,1,0,208502.0,2,7
5,2022.0,4.2,0,0,219882.0,0,20
2,2015.0,3.0,3,0,126534.0,1,14
4,2003.0,1.3,1,0,101732.0,1,15
6,2013.0,1.3,0,1,290834.0,0,7
0,2004.0,4.6,2,1,294743.0,1,3
5,2015.0,1.3,2,1,275455.0,1,18
5,2002.0,4.8,1,1,191799.0,2,19
2,2011.0,5.7,2,0,30924.0,2,12
5,2018.0,5.9,1,1,2673.0,0,20
3,2006.0,1.3,0,0,19340.0,2,4
6,2010.0,1.9,0,1,15052.0,2,7
6,2007.0,4.8,1,1,42923.0,1,25
4,2011.0,1.8,0,0,113535.0,1,16
1,2022.0,4.7,3,1,91865.0,2,0
4,2005.0,2.2,1,1,160389.0,0,10
2,2005.0,5.6,0,1,213165.0,1,11
0,2009.0,5.9,2,1,95287.0,1,3
3,2018.0,1.8,2,1,67396.0,1,8
1,2014.0,2.5,3,1,35797.0,2,27
0,2016.0,4.7,3,1,270651.0,0,3
4,2005.0,2.9,3,1,127521.0,0,15
2,2003.0,4.5,0,0,180116.0,0,12
5,2005.0,4.2,1,0,228978.0,0,18
5,2014.0,4.3,2,0,39986.0,1,18
0,2004.0,3.3,0,1,101799.0,0,23
5,2007.0,1.8,2,0,35183.0,0,20
5,2010.0,2.5,2,1,43563.0,0,20
2,2014.0,4.4,2,0,130251.0,0,21
3,2014.0,1.3,0,0,123573.0,2,4
1,2006.0,4.3,2,0,165229.0,0,27
4,2013.0,2.9,2,1,163249.0,1,10
2,2015.0,1.3,1,1,237159.0,0,12
3,2010.0,2.1,3,1,145931.0,2,6
6,2016.0,2.6,0,0,279275.0,2,22
3,2016.0,1.9,0,1,279773.0,1,4
4,2015.0,2.7,3,0,32844.0,0,15
6,2010.0,2.8,1,0,173717.0,1,25
3,2016.0,1.1,0,1,291946.0,1,6
3,2011.0,4.7,1,1,57324.0,0,13
6,2007.0,2.5,1,1,284250.0,1,25
2,2012.0,3.0,1,1,191012.0,1,21
4,2022.0,4.7,1,0,120035.0,2,16
6,2018.0,1.1,1,0,102903.0,2,22
0,2008.0,5.8,3,1,178438.0,1,2
3,2021.0,5.3,2,0,247524.0,2,6
2,2023.0,4.8,0,1,27684.0,0,12
2,2005.0,2.4,0,0,248924.0,1,12
5,2011.0,1.5,0,0,169573.0,2,18
4,2021.0,3.1,1,0,43039.0,0,15
1,2017.0,4.4,1,1,71468.0,1,26
1,2023.0,5.5,1,0,168332.0,2,0
0,2001.0,4.5,3,0,91627.0,2,3
4,2002.0,3.3,1,1,34986.0,1,5
0,2017.0,3.1,0,0,192949.0,1,24
6,2007.0,5.6,0,1,180564.0,2,9
3,2014.0,5.7,0,0,259291.0,2,6
3,2020.0,2.1,2,1,203485.0,1,8
1,2009.0,1.8,3,0,24918.0,2,1
5,2022.0,6.0,2,0,249220.0,1,17
0,2020.0,2.4,3,0,22650.0,0,23
5,2014.0,1.5,3,0,29362.0,0,17
5,2020.0,4.5,2,0,278245.0,1,20
2,2007.0,4.7,0,1,278203.0,0,12
1,2014.0,5.2,3,0,253506.0,2,1
3,2015.0,1.8,0,0,181880.0,0,8
3,2002.0,5.1,0,1,176282.0,2,13
3,2018.0,5.2,2,0,45380.0,2,13
3,2001.0,1.4,3,1,178321.0,2,4
1,2006.0,3.2,0,1,200123.0,1,0
5,2016.0,2.3,3,1,114832.0,1,19
5,2022.0,4.7,1,1,167284.0,2,20
0,2008.0,5.5,3,1,135467.0,1,23
0,2008.0,1.4,2,0,244901.0,1,3
2,2007.0,4.4,0,1,240417.0,2,11
3,2005.0,3.1,0,0,269188.0,0,13
4,2019.0,3.1,0,1,299854.0,1,15
0,2015.0,3.9,3,0,265953.0,1,23
2,2006.0,4.8,2,0,92943.0,0,14
4,2006.0,2.8,1,0,73277.0,2,5
2,2018.0,5.9,1,1,129288.0,2,21
1,2013.0,5.0,3,0,206935.0,0,0
5,2009.0,4.1,2,0,72144.0,1,19
5,2021.0,1.8,3,0,44397.0,2,18
0,2001.0,1.3,0,1,271127.0,2,3
0,2002.0,3.6,2,1,206518.0,0,2
3,2020.0,3.3,2,0,153775.0,0,8
1,2013.0,3.9,0,1,167071.0,2,0
5,2007.0,5.9,0,1,95424.0,2,19
4,2020.0,5.8,2,1,259589.0,0,10
0,2002.0,5.4,3,0,96950.0,1,23
0,2021.0,5.2,0,0,218403.0,1,2
2,2014.0,2.7,3,1,111116.0,2,12
2,2010.0,5.0,0,0,164982.0,0,14
1,2014.0,5.0,1,0,290277.0,2,0
0,2001.0,3.7,0,1,92889.0,1,3
2,2002.0,4.7,1,0,61009.0,1,21
4,2021.0,4.5,0,1,127309.0,2,5
0,2016.0,3.3,3,0,294115.0,1,24
2,2001.0,2.8,3,0,16740.0,0,21
4,2020.0,4.5,0,0,58105.0,2,5
2,2020.0,3.6,1,0,235020.0,0,21
1,2013.0,1.6,1,1,48478.0,1,27
1,2015.0,4.0,3,0,183208.0,0,1
6,2022.0,1.8,3,0,257716.0,0,7
2,2011.0,2.1,0,1,173217.0,2,12
6,2007.0,3.5,2,0,42103.0,2,25
3,2011.0,1.4,2,0,255397.0,0,13
1,2005.0,2.3,2,1,9470.0,1,26
6,2012.0,1.8,0,0,4131.0,1,9
4,2003.0,2.7,2,1,181136.0,2,5
4,2023.0,1.1,0,0,19589.0,0,5
2,2010.0,1.5,1,0,135009.0,0,11
3,2006.0,1.3,3,1,108611.0,0,8
2,2004.0,3.1,3,0,181026.0,1,14
4,2004.0,2.2,0,0,290690.0,1,10
0,2006.0,3.3,1,0,140721.0,1,3
5,2003.0,4.0,1,1,186061.0,1,18
1,2000.0,3.4,1,1,61600.0,0,27
0,2023.0,4.0,3,0,55786.0,0,3
2,2011.0,2.7,1,1,189878.0,2,12
1,2006.0,3.7,1,1,258466.0,1,26
3,2000.0,3.3,3,1,254322.0,2,8
0,2014.0,5.4,0,0,66320.0,2,2
4,2013.0,5.3,0,1,36303.0,2,10
1,2007.0,4.9,1,1,164721.0,2,27
6,2005.0,2.9,3,1,167848.0,0,7
3,2021.0,4.2,1,0,234907.0,0,6
0,2000.0,5.4,0,1,3823.0,2,23
0,2012.0,5.7,1,0,228495.0,2,24
4,2000.0,3.9,3,1,204120.0,1,10
6,2001.0,4.7,3,1,156215.0,0,25
6,2022.0,5.4,1,0,213396.0,1,22
1,2019.0,3.2,3,1,172438.0,0,27
3,2008.0,1.4,1,0,57771.0,0,8
2,2023.0,2.3,3,0,162553.0,2,12
6,2005.0,5.7,3,0,199867.0,1,25
5,2009.0,4.6,1,1,67384.0,1,19
6,2012.0,2.0,3,1,255027.0,2,25
1,2016.0,4.9,0,0,40647.0,1,0
1,2008.0,5.1,0,1,138279.0,0,26
4,2002.0,3.5,2,0,212628.0,0,16
2,2002.0,4.9,3,1,19199.0,1,11
2,2009.0,5.8,0,0,278101.0,2,11
1,2021.0,4.5,1,0,45215.0,2,26
6,2007.0,5.6,3,1,29756.0,0,22
4,2021.0,1.8,2,1,51574.0,1,15
0,2012.0,1.5,3,0,206096.0,2,24
2,2017.0,2.1,3,1,115871.0,0,11
0,2016.0,4.7,3,0,268774.0,0,24
1,2010.0,4.8,3,0,102063.0,2,26
2,2014.0,4.1,0,1,132957.0,0,12
1,2020.0,4.2,2,1,226812.0,2,26
2,2009.0,3.7,0,1,65839.0,0,11
5,2009.0,2.7,3,1,248123.0,0,19
4,2010.0,3.9,3,1,83576.0,0,5
1,2023.0,3.7,3,1,19995.0,1,0
5,2013.0,2.2,0,1,204573.0,2,17
1,2019.0,1.6,3,0,222129.0,0,26
0,2012.0,1.4,1,0,119894.0,2,23
4,2017.0,5.4,3,0,256687.0,1,10
4,2018.0,4.7,3,0,299461.0,1,10
4,2007.0,1.1,3,0,211912.0,2,15
3,2003.0,4.6,1,0,115503.0,1,6
3,2020.0,4.0,2,1,206089.0,0,13
5,2021.0,5.8,1,1,28670.0,1,20
1,2019.0,1.7,1,0,145476.0,2,1
6,2015.0,5.4,1,1,63924.0,0,9
3,2014.0,3.8,1,0,289176.0,2,8
5,2012.0,4.7,0,1,270877.0,2,20
2,2023.0,3.1,0,1,273949.0,1,14
4,2003.0,4.2,1,0,284220.0,2,16
3,2016.0,3.4,2,1,135102.0,1,6
2,2010.0,3.9,2,0,33298.0,2,21
0,2009.0,4.2,0,1,199548.0,2,24
1,2013.0,1.3,2,0,132698.0,1,0
3,2023.0,2.8,2,0,36744.0,0,4
4,2013.0,5.8,3,1,80522.0,2,16
5,2005.0,3.2,2,0,125813.0,1,17
1,2011.0,5.5,1,0,284464.0,1,26
1,2022.0,4.2,3,0,27453.0,2,0
5,2008.0,3.3,1,1,92510.0,2,19
6,2014.0,1.3,0,1,7432.0,2,7
0,2014.0,5.2,2,1,241443.0,2,2
1,2010.0,4.8,2,1,145109.0,1,27
4,2007.0,5.1,2,0,286084.0,2,16
0,2010.0,2.6,2,1,69715.0,1,24
0,2007.0,1.0,1,0,205162.0,0,3
1,2006.0,5.4,2,1,47664.0,1,26
6,2019.0,4.2,3,1,270706.0,0,9
0,2017.0,2.8,3,0,243722.0,0,3
5,2005.0,1.5,0,0,107157.0,0,17
0,2012.0,5.0,1,1,249434.0,2,24
4,2019.0,1.1,2,1,274535.0,2,5
5,2015.0,5.7,2,1,112557.0,0,18
1,2003.0,1.9,0,0,274805.0,2,0
6,2010.0,4.2,3,0,272409.0,2,25
5,2013.0,2.6,1,1,173497.0,1,19
3,2023.0,3.4,1,0,248029.0,0,4
6,2021.0,3.0,2,0,123447.0,2,25
5,2009.0,2.1,0,0,284329.0,1,18
0,2011.0,1.6,0,0,204249.0,2,24
3,2015.0,4.8,2,1,87340.0,1,6
0,2007.0,3.8,0,0,286160.0,0,2
1,2014.0,4.6,2,1,229707.0,0,26
6,2001.0,4.9,3,1,17881.0,0,22
4,2023.0,1.4,1,1,57803.0,1,10
3,2000.0,2.5,0,1,174898.0,0,13
5,2017.0,4.5,3,1,14633.0,0,17
6,2008.0,3.1,0,0,10956.0,0,7
6,2015.0,5.9,0,0,87638.0,0,7
1,2018.0,4.0,3,1,164434.0,1,27
4,2021.0,2.4,3,0,113394.0,0,10
5,2014.0,3.5,1,1,179238.0,1,20
5,2007.0,1.3,0,1,267589.0,2,17
6,2006.0,4.0,3,1,177171.0,0,22
1,2014.0,5.0,1,0,223674.0,0,27
6,2019.0,4.1,0,0,102229.0,0,22
2,2010.0,5.9,3,0,287153.0,0,11
2,2007.0,2.8,1,0,144854.0,0,21
0,2000.0,4.4,0,0,23446.0,1,3
3,2015.0,1.6,3,1,99811.0,2,13
3,2008.0,1.5,0,1,282744.0,0,6
2,2000.0,5.9,1,0,145711.0,0,12
6,2012.0,2.1,1,1,254043.0,1,25
2,2016.0,1.2,1,1,124714.0,1,11
5,2005.0,5.7,2,0,210005.0,1,20
4,2007.0,5.9,0,1,17669.0,2,16
1,2002.0,3.8,0,0,289884.0,2,26
1,2012.0,1.9,2,0,38311.0,1,0
4,2001.0,2.3,3,1,162586.0,2,10
2,2020.0,4.3,3,1,120288.0,2,11
0,2012.0,5.6,3,0,62040.0,2,3
3,2017.0,1.5,3,0,76815.0,2,13
0,2003.0,5.4,3,1,250220.0,0,24
5,2014.0,1.4,1,0,158964.0,0,18
6,2016.0,4.4,2,0,12823.0,0,25
6,2002.0,3.1,0,1,299140.0,0,7
0,2016.0,1.8,1,1,35198.0,2,24
6,2005.0,5.5,1,0,194020.0,2,9
6,2000.0,3.1,0,1,257249.0,2,22
6,2020.0,1.7,0,1,254547.0,2,22
4,2007.0,4.4,3,0,244533.0,0,10
4,2023.0,3.9,2,0,267356.0,1,16
1,2003.0,4.4,3,1,111889.0,0,27
3,2020.0,5.2,0,1,39328.0,1,6
2,2010.0,5.2,2,0,17198.0,0,11
3,2013.0,4.3,3,1,70729.0,0,4
3,2020.0,1.7,0,1,167720.0,0,13
6,2000.0,3.8,0,1,225956.0,0,22
6,2019.0,4.2,2,1,75955.0,1,22
3,2020.0,2.4,2,1,152842.0,1,6
6,2011.0,3.9,1,0,206553.0,2,22
1,2001.0,1.2,0,0,203225.0,2,1
3,2003.0,2.0,0,1,166519.0,0,13
4,2001.0,4.1,0,0,40491.0,0,10
6,2008.0,3.1,0,1,199521.0,0,9
5,2018.0,2.7,0,0,187973.0,2,20
1,2019.0,3.5,2,0,279819.0,2,1
1,2007.0,2.5,0,1,168217.0,1,1
5,2016.0,5.3,3,0,272201.0,1,19
5,2001.0,4.4,2,0,191634.0,2,17
6,2022.0,2.0,3,1,226884.0,0,9
0,2005.0,5.2,1,1,164361.0,2,24
5,2007.0,3.7,1,1,52284.0,2,17
4,2014.0,3.0,3,1,149068.0,0,15
4,2017.0,4.6,3,0,131940.0,0,5
4,2018.0,4.4,2,1,124726.0,2,10
4,2010.0,4.6,3,1,56815.0,0,10
1,2002.0,1.1,2,1,58150.0,0,0
4,2004.0,1.2,2,1,4889.0,1,5
0,2021.0,4.7,3,1,69634.0,2,3
4,2004.0,2.1,3,1,77228.0,2,5
3,2011.0,3.1,3,1,172109.0,2,13
1,2015.0,4.6,3,1,243234.0,0,0
6,2008.0,4.2,3,0,273010.0,1,22
1,2008.0,4.8,1,0,7176.0,1,26
0,2009.0,1.2,1,1,33758.0,2,24
6,2003.0,1.8,0,1,257653.0,2,7
3,2012.0,5.1,1,1,47046.0,1,4
4,2019.0,3.5,3,0,101422.0,0,15
1,2018.0,5.1,2,0,160322.0,0,1
5,2004.0,4.9,0,1,221490.0,1,19
1,2003.0,4.3,2,0,255069.0,0,0
1,2003.0,5.5,1,0,161929.0,2,27
3,2018.0,5.5,3,1,2019.0,0,8
5,2006.0,3.4,1,0,121831.0,0,18
0,2013.0,5.4,0,0,159950.0,2,23
4,2007.0,3.2,0,1,2395.0,0,16
5,2006.0,1.7,3,0,187223.0,0,20
0,2013.0,3.3,1,0,184885.0,2,24
3,2019.0,5.5,3,1,31817.0,0,13
3,2016.0,4.0,0,1,78590.0,2,6
4,2003.0,2.7,2,1,35568.0,2,10
0,2022.0,1.5,3,1,4369.0,1,24
0,2022.0,4.0,0,1,92554.0,2,3
3,2008.0,5.7,2,0,279965.0,1,13
1,2020.0,4.1,1,1,35109.0,0,0
4,2004.0,1.4,3,0,152254.0,0,15
2,2005.0,1.5,3,0,132850.0,2,14
2,2017.0,2.6,2,1,236503.0,1,14
1,2005.0,4.9,1,0,188874.0,2,27
6,2018.0,1.5,0,1,117744.0,2,9
1,2012.0,5.7,0,1,128344.0,0,1
3,2014.0,2.3,0,1,25395.0,1,13
4,2018.0,2.0,3,0,106960.0,1,15
3,2012.0,2.5,1,0,128331.0,0,13
4,2018.0,1.0,2,1,213063.0,1,16
5,2011.0,2.1,3,1,260141.0,0,18
4,2008.0,1.1,1,1,270398.0,0,15
3,2001.0,3.7,2,0,294067.0,2,13
0,2020.0,5.5,1,1,271889.0,1,2
2,2017.0,3.5,0,1,254200.0,1,12
1,2021.0,5.4,1,1,117556.0,2,1
1,2012.0,3.7,2,0,118171.0,1,26
0,2017.0,2.1,2,0,220859.0,0,2
2,2001.0,2.6,0,1,191196.0,0,21
1,2021.0,1.8,3,1,231329.0,1,1
6,2010.0,2.3,0,1,32356.0,0,22
0,2016.0,3.9,1,0,6163.0,1,3
3,2015.0,3.1,3,0,104887.0,2,4
2,2003.0,5.0,1,1,237011.0,1,14
4,2012.0,5.1,0,1,144542.0,2,15
3,2003.0,5.1,0,1,125721.0,1,6
1,2011.0,2.6,2,1,153868.0,0,0
2,2019.0,1.4,2,0,165320.0,0,21
0,2019.0,2.7,3,1,134411.0,2,2
2,2002.0,4.9,1,1,249120.0,0,21
4,2016.0,1.4,1,0,142857.0,1,15
5,2007.0,5.3,3,0,48582.0,1,19
6,2023.0,5.2,2,0,224647.0,0,9
3,2016.0,5.7,3,1,150657.0,0,13
2,2017.0,2.6,0,0,190326.0,1,11
6,2008.0,5.1,2,0,197639.0,1,7
6,2018.0,2.3,2,1,118368.0,1,25
3,2021.0,5.0,3,0,64.0,1,4
2,2008.0,2.2,2,0,83265.0,0,12
3,2020.0,5.6,2,0,5695.0,2,8
3,2013.0,5.5,0,0,104697.0,2,13
4,2017.0,5.2,2,0,116916.0,0,5
1,2012.0,3.2,1,1,238680.0,1,0
6,2017.0,3.0,0,1,152890.0,2,22
2,2015.0,1.1,2,0,221775.0,1,11
1,2023.0,4.2,3,1,247795.0,1,26
3,2015.0,3.2,1,1,265954.0,2,8
6,2008.0,1.9,2,1,287795.0,1,25
5,2001.0,3.8,2,1,44308.0,2,17
6,2019.0,5.7,2,0,189016.0,0,9
6,2000.0,2.8,1,0,188873.0,2,9
2,2017.0,5.7,1,0,169737.0,2,21
0,2019.0,2.0,2,1,167229.0,0,2
2,2016.0,3.2,2,0,196523.0,1,14
3,2022.0,5.3,3,1,19416.0,1,8
2,2016.0,1.8,2,1,157048.0,0,14
0,2016.0,1.4,2,1,46539.0,1,24
4,2008.0,4.4,2,1,265808.0,0,5
0,2021.0,5.7,1,0,194292.0,1,24
0,2002.0,2.6,1,0,215155.0,1,24
2,2019.0,5.8,0,1,215888.0,0,21
6,2005.0,5.9,0,1,31346.0,0,25
2,2004.0,2.9,1,0,17300.0,2,21
1,2012.0,1.7,0,1,64442.0,0,1
3,2022.0,3.6,0,0,265026.0,0,4
6,2017.0,3.9,3,0,79794.0,2,9
4,2020.0,4.6,0,0,94182.0,0,5
4,2002.0,2.1,1,0,78672.0,2,10
6,2017.0,2.8,2,0,11217.0,1,25
1,2006.0,3.0,2,0,286348.0,0,1
0,2009.0,2.9,2,1,208467.0,1,2
5,2015.0,3.0,3,1,225692.0,2,20
2,2013.0,1.2,0,1,261968.0,0,11
6,2019.0,2.7,0,1,49966.0,1,7
3,2002.0,5.5,1,1,82494.0,0,6
0,2000.0,3.2,1,1,137046.0,0,24
1,2008.0,3.8,2,1,99854.0,2,0
0,2020.0,4.7,0,1,36534.0,2,24
4,2023.0,2.5,3,0,220010.0,1,15
6,2023.0,3.1,3,0,255035.0,1,9
2,2019.0,2.0,2,0,33525.0,1,14
4,2009.0,2.7,2,0,21101.0,0,16
2,2022.0,2.9,3,1,164334.0,1,14
4,2019.0,3.5,1,1,211321.0,0,15
3,2013.0,5.6,1,1,254271.0,1,8
4,2012.0,1.2,3,1,241262.0,2,5
6,2000.0,3.7,0,0,287442.0,0,9
2,2004.0,4.4,3,0,145762.0,2,12
2,2005.0,1.2,0,1,215933.0,1,12
5,2020.0,1.9,0,1,107761.0,0,17
4,2004.0,1.8,1,1,243966.0,2,5
3,2012.0,3.3,0,1,275550.0,1,6
4,2014.0,5.7,0,0,70825.0,1,5
1,2002.0,2.4,2,1,284931.0,0,0
6,2005.0,5.0,3,1,135669.0,2,7
6,2003.0,3.1,1,0,167466.0,1,22
1,2011.0,1.9,2,0,88241.0,0,26
6,2005.0,2.9,3,0,25792.0,2,22
6,2008.0,5.6,1,1,272555.0,0,22
1,2013.0,2.1,3,0,35814.0,2,27
4,2002.0,3.9,1,0,62085.0,1,10
3,2004.0,2.1,2,0,292104.0,2,13
3,2011.0,3.9,2,0,230502.0,1,6
2,2011.0,5.4,1,0,179693.0,1,12
1,2022.0,4.9,2,1,215838.0,0,1
0,2011.0,1.1,0,0,187453.0,1,2
2,2005.0,2.1,1,1,45667.0,0,11
6,2018.0,3.6,0,0,238989.0,0,25
5,2020.0,5.6,2,0,124279.0,0,17
1,2021.0,4.7,3,0,56.0,1,26
6,2022.0,3.0,3,1,246464.0,0,25
1,2003.0,2.0,0,0,246160.0,1,1
2,2004.0,5.1,3,1,38886.0,0,14
4,2008.0,2.3,0,1,118065.0,1,10
5,2009.0,1.6,2,0,48791.0,2,19
5,2013.0,5.7,0,1,265482.0,2,18
4,2011.0,5.1,1,0,168204.0,1,16
4,2014.0,3.5,1,0,15748.0,1,16
5,2002.0,5.8,0,1,89882.0,0,19
6,2012.0,1.5,1,0,293129.0,2,7
2,2010.0,3.7,0,0,296751.0,2,12
3,2018.0,5.4,1,0,171813.0,0,6
6,2005.0,4.6,0,0,80978.0,2,25
1,2021.0,4.8,3,0,295759.0,2,26
3,2008.0,6.0,1,1,205788.0,1,4
2,2003.0,4.2,1,1,185639.0,2,12
2,2006.0,4.3,0,1,271176.0,2,21
0,2008.0,5.8,1,0,1832.0,1,24
5,2005.0,1.5,2,1,281892.0,1,20
2,2019.0,5.4,3,1,183000.0,0,12
6,2008.0,3.4,1,0,3420.0,0,9
5,2008.0,2.4,2,0,184750.0,2,18
5,2007.0,2.0,1,0,179300.0,0,20
1,2013.0,3.6,0,0,262463.0,1,0
0,2021.0,2.9,0,0,258852.0,0,3
0,2001.0,5.3,2,0,33055.0,1,23
6,2010.0,5.7,2,1,205229.0,1,22
6,2022.0,1.7,0,1,228625.0,1,22
0,2008.0,2.7,3,0,181350.0,1,2
4,2014.0,3.4,1,0,22072.0,0,16
2,2002.0,1.6,2,0,17718.0,0,12
1,2021.0,3.2,3,0,289531.0,1,1
5,2010.0,1.8,0,1,2473.0,1,17
1,2010.0,2.4,1,1,181510.0,0,26
6,2023.0,3.4,2,1,111186.0,0,9
0,2020.0,5.1,0,1,112099.0,1,23
1,2011.0,1.4,1,0,193823.0,0,26
5,2020.0,2.5,1,0,197170.0,0,18
6,2021.0,2.7,0,1,225226.0,2,22
0,2000.0,5.6,3,0,254809.0,2,24
5,2015.0,3.9,1,0,158273.0,0,18
1,2006.0,5.8,0,0,153560.0,0,26
2,2004.0,4.2,1,1,282689.0,2,11
0,2020.0,3.9,2,1,95815.0,0,3
1,2020.0,3.3,2,1,21446.0,0,0
1,2001.0,2.6,0,1,179992.0,0,26
0,2020.0,1.2,0,0,279707.0,2,2
6,2013.0,4.7,2,0,123225.0,1,25
4,2015.0,1.9,0,0,176169.0,1,10
4,2018.0,4.9,2,0,178068.0,0,5
6,2018.0,5.5,1,1,62598.0,2,22
6,2023.0,4.3,0,1,193242.0,1,9
2,2004.0,2.3,2,1,122772.0,2,14
0,2009.0,4.7,3,0,244865.0,2,23
4,2016.0,2.9,3,0,138458.0,0,16
2,2014.0,1.9,1,0,222787.0,1,12
0,2005.0,3.7,3,0,11920.0,1,24
3,2013.0,3.0,3,0,26819.0,0,6
6,2007.0,4.7,3,0,2881.0,2,22
5,2014.0,2.9,2,1,21996.0,0,19
4,2021.0,4.1,2,0,129394.0,2,15
5,2020.0,3.2,1,0,134288.0,0,18
6,2001.0,5.9,0,0,18452.0,2,25
1,2004.0,4.9,0,0,190477.0,0,1
0,2012.0,4.4,2,0,285578.0,2,23
2,2019.0,3.0,1,1,169319.0,0,21
2,2009.0,2.6,0,1,223009.0,0,21
2,2007.0,3.3,1,1,117486.0,1,12
5,2008.0,1.6,1,0,238217.0,1,19
1,2013.0,5.8,2,1,193529.0,0,0
0,2006.0,3.3,0,1,290749.0,1,2
6,2006.0,5.1,2,1,52132.0,2,7
5,2003.0,5.9,2,0,88757.0,1,18
5,2021.0,3.0,1,0,14497.0,0,19
3,2005.0,2.4,1,0,187964.0,1,8
1,2019.0,1.7,2,1,257506.0,0,27
2,2018.0,1.3,1,1,103700.0,0,21
0,2002.0,3.6,1,0,159141.0,1,24
5,2004.0,3.2,2,1,24578.0,1,17
3,2018.0,2.8,2,1,196322.0,1,13
4,2007.0,2.3,1,1,8831.0,2,16
0,2007.0,6.0,2,1,270888.0,1,24
2,2002.0,4.2,0,0,246590.0,2,11
0,2019.0,1.3,2,0,186110.0,2,2
1,2004.0,1.7,3,1,196955.0,0,27
0,2018.0,1.8,0,0,280064.0,2,2
0,2021.0,5.0,0,1,87081.0,1,3
1,2006.0,4.0,0,0,113922.0,2,27
2,2010.0,2.4,0,1,220412.0,2,14
1,2012.0,4.3,3,1,63471.0,2,0
2,2004.0,5.0,2,0,295885.0,1,21
5,2011.0,2.4,3,1,267885.0,0,18
5,2022.0,2.1,1,0,113566.0,1,19
0,2018.0,1.9,1,1,234799.0,1,24
2,2008.0,2.7,3,1,60531.0,0,14
5,2023.0,1.4,2,1,262701.0,1,19
6,2003.0,2.9,3,1,221432.0,0,22
1,2016.0,4.2,2,1,130963.0,2,27
6,2007.0,1.9,0,1,292157.0,1,25
1,2017.0,1.6,0,1,10564.0,2,1
6,2001.0,3.0,0,0,23382.0,2,9
6,2001.0,1.3,2,1,229728.0,2,9
3,2005.0,6.0,0,0,227561.0,0,4
0,2016.0,1.5,3,1,78004.0,0,3
2,2017.0,3.3,2,1,234989.0,0,11
4,2019.0,2.2,0,0,150494.0,2,16
1,2005.0,1.1,3,0,290595.0,1,27
2,2014.0,2.6,1,0,101350.0,0,12
5,2004.0,3.2,3,1,171840.0,0,17
1,2012.0,3.8,3,0,51048.0,1,1
5,2021.0,1.5,0,0,173327.0,2,20
1,2003.0,4.0,0,0,120283.0,0,27
5,2019.0,2.1,2,0,121764.0,2,19
1,2007.0,4.0,2,0,296437.0,0,0
3,2014.0,2.7,0,0,94799.0,1,8
4,2004.0,4.0,2,1,231853.0,0,15
4,2005.0,3.4,1,0,73401.0,1,5
5,2007.0,5.4,0,1,56879.0,2,20
1,2003.0,1.2,3,0,23880.0,1,26
5,2002.0,3.4,1,0,121701.0,0,20
1,2008.0,4.7,0,0,23946.0,1,27
4,2022.0,1.5,0,0,128145.0,2,15
4,2002.0,2.9,0,1,245702.0,0,10
1,2010.0,1.7,2,0,121682.0,2,1
1,2013.0,4.3,1,1,113920.0,0,1
3,2000.0,4.2,1,1,141929.0,0,6
2,2007.0,5.4,3,0,275731.0,2,12
5,2002.0,3.9,1,0,35577.0,2,18
5,2000.0,3.7,3,1,49116.0,0,17
3,2001.0,2.6,0,1,9759.0,2,8
1,2005.0,5.8,1,0,86332.0,0,1
0,2021.0,2.1,2,0,159359.0,2,3
4,2023.0,3.7,2,0,104405.0,1,16
6,2011.0,4.6,2,0,159487.0,1,25
0,2006.0,2.7,2,1,188691.0,0,3
6,2022.0,2.0,3,0,166000.0,1,25
4,2015.0,3.8,2,0,159855.0,0,5
0,2023.0,4.7,1,0,12809.0,0,23
2,2010.0,1.2,3,0,128771.0,0,14
3,2019.0,1.4,2,1,16427.0,0,4
5,2002.0,4.4,0,1,272678.0,1,19
4,2006.0,3.1,0,1,24815.0,1,16
4,2021.0,2.6,3,0,90045.0,2,15
1,2020.0,4.3,3,0,61032.0,2,27
6,2001.0,4.6,0,0,216897.0,1,9
4,2000.0,3.2,0,1,125801.0,2,16
0,2022.0,4.4,2,0,192803.0,0,2
2,2014.0,3.5,3,1,79993.0,2,14
2,2004.0,4.8,3,0,104087.0,0,14
4,2007.0,3.4,1,1,49477.0,1,16
2,2021.0,1.2,2,1,250396.0,0,14
5,2023.0,2.7,0,1,260228.0,1,18
3,2019.0,3.6,0,1,243772.0,0,13
2,2013.0,2.4,3,1,274073.0,1,11
1,2014.0,4.6,1,0,25378.0,2,0
4,2007.0,4.0,0,1,75992.0,1,16
1,2023.0,3.7,0,0,153144.0,2,1
1,2012.0,1.2,3,1,200903.0,0,0
2,2020.0,5.9,2,0,63146.0,2,12
5,2013.0,4.8,3,0,232842.0,1,19
5,2023.0,2.0,0,1,226301.0,0,19
3,2011.0,2.2,0,0,207627.0,1,8
4,2023.0,5.2,2,1,7971.0,1,5
6,2012.0,5.5,1,1,54607.0,2,9
6,2001.0,4.8,3,0,47632.0,0,22
1,2020.0,3.9,1,1,16191.0,2,27
0,2019.0,5.9,2,0,20557.0,1,3
3,2022.0,5.9,2,0,121509.0,1,6
4,2020.0,2.3,0,1,207358.0,2,15
5,2004.0,5.5,1,1,128259.0,1,19
4,2013.0,4.2,3,1,183273.0,0,10
4,2005.0,2.8,3,1,269538.0,0,15
5,2020.0,2.1,0,1,140777.0,0,20
5,2013.0,2.2,1,1,73527.0,2,17
4,2017.0,4.5,1,1,181980.0,1,5
0,2006.0,2.2,2,1,127922.0,2,3
4,2017.0,4.5,1,0,136817.0,1,15
1,2013.0,2.5,0,0,187313.0,2,1
4,2015.0,5.4,2,0,208260.0,2,16
3,2006.0,2.3,1,0,282615.0,1,8
0,2004.0,1.6,2,1,71326.0,1,3
2,2010.0,1.9,3,0,238084.0,2,21
3,2006.0,3.7,3,1,277845.0,2,8
4,2003.0,5.5,1,1,16997.0,0,16
2,2011.0,5.8,3,1,266891.0,1,14
5,2002.0,3.4,0,0,202259.0,0,17
6,2014.0,2.4,2,1,221738.0,1,9
1,2023.0,1.3,2,1,93542.0,0,1
6,2018.0,4.0,0,1,57560.0,2,22
2,2021.0,3.6,3,1,243815.0,1,21
6,2005.0,2.8,0,0,213807.0,2,25
5,2018.0,2.0,0,1,121284.0,1,18
3,2009.0,2.2,1,1,142770.0,0,6
5,2002.0,2.7,2,0,296784.0,0,20
1,2015.0,4.3,1,0,290699.0,0,0
1,2009.0,1.9,1,1,199756.0,2,26
0,2013.0,4.6,1,0,36080.0,0,2
0,2014.0,4.1,0,1,295107.0,2,3
5,2003.0,3.4,1,0,23052.0,2,18
0,2011.0,1.7,0,0,133014.0,1,24
0,2018.0,5.3,2,0,93616.0,2,3
6,2009.0,1.3,0,1,36.0,0,7
1,2021.0,3.2,0,0,282346.0,1,1
3,2008.0,3.0,0,0,243725.0,2,6
2,2013.0,1.7,2,0,160786.0,1,11
4,2016.0,3.8,1,1,139344.0,0,5
2,2020.0,1.6,3,1,124444.0,0,12
5,2020.0,4.8,1,1,134670.0,1,20
2,2009.0,2.0,2,1,149748.0,2,12
6,2015.0,5.7,3,1,233308.0,0,7
1,2005.0,1.6,0,0,43168.0,1,26
0,2023.0,3.4,0,1,134511.0,1,3
6,2001.0,4.8,1,0,99468.0,0,7
1,2004.0,5.1,2,1,161938.0,2,27
6,2023.0,3.9,3,0,45313.0,2,22
1,2013.0,5.0,0,1,103187.0,0,27
5,2002.0,1.3,3,0,104332.0,0,19
0,2017.0,2.3,0,1,100153.0,0,24
6,2007.0,1.4,2,0,290534.0,2,7
3,2000.0,2.7,1,1,284331.0,2,8
3,2002.0,4.0,3,1,106968.0,0,6
1,2000.0,3.5,2,1,146663.0,1,27
3,2022.0,5.3,2,0,205338.0,1,6
0,2018.0,2.6,0,0,276383.0,2,24
5,2002.0,5.9,1,1,264509.0,2,20
3,2022.0,1.5,2,1,3098.0,1,8
2,2020.0,2.2,0,0,158731.0,1,11
1,2020.0,3.5,0,0,72725.0,2,0
1,2001.0,2.5,2,1,73079.0,1,27
0,2003.0,2.4,0,1,5608.0,0,24
1,2019.0,1.8,1,1,171206.0,2,1
6,2023.0,3.7,3,1,90481.0,1,7
6,2006.0,2.9,1,0,283830.0,0,7
4,2009.0,3.9,3,0,213739.0,1,5
0,2004.0,1.3,2,1,233127.0,1,2
5,2009.0,5.0,3,1,195457.0,0,20
4,2004.0,5.3,3,1,4090.0,2,15
3,2009.0,2.4,3,0,6021.0,1,6
1,2010.0,3.1,1,1,262063.0,2,26
2,2020.0,2.8,3,0,264038.0,2,12
6,2014.0,2.3,0,1,142394.0,2,7
1,2001.0,4.4,3,0,146874.0,2,1
1,2007.0,1.8,0,0,233705.0,0,27
6,2023.0,2.4,2,1,223393.0,0,7
1,2014.0,4.4,0,0,206329.0,0,26
6,2003.0,2.0,2,1,102201.0,2,9
4,2022.0,2.1,3,1,110879.0,2,10
5,2016.0,4.3,1,1,128614.0,2,17
4,2018.0,4.9,3,0,201664.0,0,15
3,2005.0,2.2,3,0,197105.0,0,8
6,2012.0,5.9,2,1,107181.0,2,9
0,2004.0,2.5,2,1,292527.0,0,2
1,2019.0,2.7,1,0,286172.0,1,26
2,2012.0,2.4,0,1,111126.0,2,14
0,2017.0,3.5,0,1,114463.0,1,2
6,2023.0,3.3,2,0,30105.0,1,9
4,2007.0,5.9,0,0,126599.0,0,5
1,2022.0,3.7,3,0,215530.0,0,1
6,2013.0,5.5,0,1,46870.0,0,22
1,2005.0,2.7,1,1,189864.0,1,26
3,2004.0,3.9,2,0,278504.0,1,6
1,2009.0,1.8,3,0,299225.0,0,26
2,2015.0,3.2,2,0,185922.0,1,21
5,2015.0,5.3,1,0,16259.0,1,20
0,2001.0,2.2,0,0,141295.0,1,24
6,2018.0,5.2,1,1,50100.0,1,25
1,2012.0,2.6,0,1,138783.0,0,26
6,2008.0,2.9,3,0,290157.0,1,7
1,2001.0,5.0,0,0,142290.0,0,1
0,2006.0,1.6,3,0,159996.0,1,2
4,2023.0,1.3,2,1,94020.0,0,5
2,2011.0,1.4,3,1,76422.0,2,14
2,2014.0,3.8,2,1,153060.0,2,14
4,2023.0,4.7,2,1,13338.0,2,16
1,2000.0,1.4,2,0,56965.0,1,26
6,2019.0,5.6,0,1,31323.0,1,25
6,2021.0,4.1,2,0,164340.0,0,25
6,2021.0,5.1,3,0,20605.0,0,9
2,2014.0,1.8,1,1,49892.0,1,21
3,2001.0,1.0,1,0,235994.0,1,13
4,2022.0,5.9,1,1,168082.0,0,15
4,2017.0,2.3,3,1,180294.0,0,16
3,2019.0,1.6,3,1,201457.0,2,6
5,2001.0,1.5,2,1,200144.0,1,18
2,2004.0,4.7,0,1,208072.0,0,21
4,2011.0,4.1,2,0,10638.0,2,15
2,2019.0,2.8,1,1,114780.0,1,21
4,2022.0,1.0,3,1,165746.0,2,16
2,2018.0,2.5,1,0,119968.0,1,14
1,2009.0,5.3,2,1,31357.0,1,1
2,2004.0,2.6,2,1,158279.0,1,12
1,2020.0,3.0,3,0,250470.0,0,27
6,2012.0,1.2,0,0,187435.0,1,7
2,2011.0,5.7,2,1,87122.0,1,11
6,2016.0,5.5,0,1,61606.0,2,25
2,2020.0,1.3,2,1,130878.0,0,11
3,2019.0,5.8,2,1,299738.0,0,6
6,2001.0,2.6,0,0,43262.0,1,25
6,2021.0,4.4,2,0,109268.0,2,7
3,2007.0,2.1,1,0,7253.0,0,8
3,2018.0,4.2,2,1,260038.0,2,8
4,2003.0,5.8,0,0,54333.0,0,16
3,2000.0,3.8,3,0,143063.0,1,6
1,2004.0,1.6,0,1,252234.0,1,1
6,2000.0,4.2,2,0,184681.0,2,7
0,2021.0,1.4,0,0,56232.0,2,3
3,2007.0,4.3,3,1,221516.0,2,6
1,2018.0,4.4,1,1,143190.0,2,1
0,2013.0,4.4,2,1,274444.0,1,23
0,2003.0,1.5,3,0,296866.0,1,24
0,2020.0,3.9,3,0,262672.0,1,23
3,2017.0,2.6,2,0,279333.0,2,6
2,2014.0,4.8,0,1,70210.0,0,14
4,2012.0,2.9,1,1,45.0,2,10
3,2000.0,1.7,2,1,86569.0,0,6
4,2016.0,4.3,1,1,40725.0,1,5
4,2010.0,5.1,3,0,276034.0,0,16
5,2013.0,1.1,3,0,269072.0,0,17
0,2008.0,5.7,0,1,160482.0,1,3
3,2003.0,5.0,2,1,46023.0,1,4
6,2014.0,6.0,1,0,81455.0,0,9
2,2011.0,3.8,1,1,258445.0,0,14
1,2002.0,1.5,3,0,157723.0,0,26
4,2021.0,4.5,3,1,249045.0,0,16
6,2016.0,3.2,0,0,13429.0,2,25
3,2015.0,1.6,3,1,248342.0,0,6
5,2008.0,3.1,2,1,295215.0,1,18
6,2020.0,4.0,3,1,115316.0,1,22
0,2005.0,4.9,2,1,193295.0,0,3
2,2011.0,3.9,2,0,271941.0,1,21
1,2010.0,5.0,1,0,162818.0,2,0
5,2014.0,5.7,0,0,14817.0,2,19
0,2002.0,3.6,3,0,34512.0,1,3
3,2014.0,5.7,1,0,10236.0,1,8
5,2002.0,3.0,0,1,106683.0,2,19
2,2011.0,2.0,3,0,53744.0,0,14
6,2009.0,4.5,3,1,24102.0,2,22
5,2019.0,2.3,2,0,270114.0,0,19
1,2009.0,3.6,1,1,118194.0,0,1
1,2005.0,4.0,1,0,235572.0,1,1
4,2017.0,4.8,1,0,195543.0,2,16
0,2023.0,4.0,0,0,206132.0,1,2
2,2020.0,1.2,0,1,25968.0,0,11
0,2019.0,3.1,2,0,298964.0,0,3
2,2016.0,5.2,3,0,57287.0,2,14
1,2002.0,1.2,0,1,85615.0,0,27
5,2013.0,2.3,1,0,72356.0,1,18
5,2014.0,5.2,1,1,245352.0,0,20
1,2008.0,2.7,3,0,108957.0,1,1
6,2008.0,1.3,0,1,18830.0,2,25
6,2012.0,2.6,0,0,105312.0,0,25
4,2000.0,4.8,3,0,158818.0,0,15
1,2007.0,3.9,0,0,269417.0,0,1
3,2017.0,1.2,0,0,131401.0,0,13
4,2016.0,5.1,3,1,146691.0,1,16
5,2005.0,2.1,0,1,282635.0,0,19
5,2001.0,1.7,1,0,39015.0,1,17
4,2020.0,3.9,0,1,66697.0,0,5
1,2023.0,2.9,0,0,292021.0,1,26
6,2013.0,4.3,1,0,170623.0,1,22
1,2009.0,4.4,3,0,230259.0,2,1
5,2002.0,4.7,0,1,5914.0,2,20
3,2018.0,3.0,2,0,270804.0,2,13
3,2007.0,4.2,2,1,108352.0,0,4
0,2002.0,1.0,1,0,199888.0,2,3
5,2008.0,1.1,1,1,214601.0,1,19
2,2006.0,5.7,2,1,129236.0,1,21
5,2014.0,5.1,0,1,180557.0,2,19
2,2010.0,4.5,1,0,61086.0,0,21
3,2015.0,3.1,2,0,71158.0,1,4
2,2007.0,3.2,3,1,68879.0,1,21
5,2009.0,2.2,0,0,144526.0,0,19
1,2005.0,1.6,3,1,85779.0,0,0
0,2005.0,4.2,0,1,19455.0,1,23
4,2007.0,1.4,3,0,59567.0,2,5
2,2006.0,5.3,2,1,148430.0,1,14
2,2019.0,1.4,1,0,209047.0,0,21
4,2020.0,3.4,2,1,220782.0,0,15
2,2018.0,1.5,3,1,174735.0,0,11
4,2000.0,2.8,2,1,138691.0,1,10
1,2000.0,5.4,1,1,94594.0,1,26
6,2012.0,3.7,2,0,255139.0,1,9
6,2001.0,4.3,2,0,230517.0,0,22
1,2010.0,1.6,0,1,151633.0,1,27
6,2005.0,6.0,0,1,61477.0,1,9
3,2018.0,3.1,0,1,104987.0,0,4
3,2005.0,2.2,2,1,168050.0,1,13
1,2005.0,4.1,3,1,193596.0,2,26
4,2007.0,3.7,3,1,142645.0,0,15
5,2002.0,5.4,0,0,49294.0,1,20
3,2012.0,5.0,0,1,157591.0,2,4
0,2002.0,3.0,0,1,87493.0,1,24
5,2016.0,1.0,3,0,179420.0,2,17
0,2019.0,3.0,1,1,112684.0,2,3
5,2009.0,4.2,1,1,206971.0,2,19
5,2001.0,4.3,2,1,110205.0,0,20
1,2017.0,2.9,0,1,1950.0,0,26
6,2015.0,1.6,1,1,211474.0,0,25
4,2020.0,4.5,1,0,192416.0,2,10
4,2022.0,5.3,2,0,265161.0,0,15
0,2019.0,3.0,2,0,237225.0,2,2
3,2002.0,3.9,1,1,124288.0,2,13
4,2007.0,2.1,2,1,113431.0,0,5
6,2015.0,5.0,1,1,141758.0,0,22
5,2013.0,5.8,0,0,235311.0,2,20
5,2020.0,1.8,0,1,244497.0,1,17
5,2022.0,1.8,0,1,34579.0,1,17
3,2020.0,4.6,3,1,173557.0,2,6
0,2000.0,4.4,0,1,144535.0,2,2
5,2023.0,3.7,0,1,206641.0,1,17
5,2009.0,4.7,2,1,158502.0,2,17
0,2022.0,5.3,0,1,151460.0,2,23
2,2005.0,5.6,3,0,252862.0,0,21
3,2016.0,6.0,0,1,290604.0,1,4
3,2012.0,6.0,3,1,51818.0,2,8
2,2009.0,1.7,2,1,256349.0,0,12
3,2007.0,4.1,0,0,275830.0,1,8
5,2009.0,2.6,3,1,67546.0,0,17
3,2005.0,5.5,3,0,255745.0,1,13
2,2016.0,4.7,0,1,121173.0,0,14
1,2020.0,2.1,1,0,190191.0,1,26
0,2014.0,2.2,0,1,87052.0,0,2
6,2021.0,3.8,1,0,13919.0,2,7
6,2004.0,3.2,1,0,157234.0,2,22
1,2008.0,1.9,2,1,60721.0,1,0
1,2011.0,5.1,2,1,33717.0,2,0
5,2003.0,1.0,2,1,128721.0,2,18
5,2017.0,3.9,2,0,245289.0,2,20
5,2019.0,4.4,1,0,148188.0,2,19
6,2022.0,2.7,0,0,4791.0,0,7
4,2009.0,1.0,2,0,294786.0,1,16
2,2012.0,2.0,2,1,132152.0,2,21
4,2003.0,2.3,3,1,113831.0,2,10
0,2017.0,1.1,3,0,266320.0,1,3
0,2013.0,1.8,3,0,169587.0,1,2
2,2016.0,3.4,0,0,17862.0,1,14
0,2005.0,4.7,3,1,180076.0,1,2
4,2022.0,2.3,1,1,12150.0,2,10
6,2005.0,5.9,3,0,189340.0,2,9
5,2015.0,1.5,0,1,17101.0,0,17
4,2010.0,2.5,0,1,160275.0,0,5
0,2018.0,2.2,0,1,37570.0,1,24
1,2006.0,1.0,2,1,207791.0,0,26
1,2002.0,4.4,1,0,40391.0,2,0
1,2008.0,5.1,3,0,50061.0,2,0
3,2010.0,5.2,3,0,50385.0,0,4
3,2000.0,5.8,1,0,136421.0,0,13
4,2000.0,1.3,2,0,269284.0,2,15
4,2005.0,5.3,1,1,264418.0,0,5
4,2022.0,3.9,2,0,15909.0,2,15
1,2020.0,5.3,0,0,240678.0,2,27
0,2000.0,5.1,2,0,179810.0,1,2
2,2017.0,2.7,2,1,30921.0,0,12
3,2008.0,4.0,2,0,262390.0,1,6
4,2020.0,3.4,2,1,156546.0,0,16
2,2023.0,3.4,3,1,102979.0,2,11
3,2006.0,3.1,0,0,74469.0,0,6
